Amp_range,Avg_amp,Freq_range,Pulses_per_Sec,Partials,MFCC,Duration,Zero_Crossings,Species,Sex,Age,Call
0.08331301808357239,0.015950806438922882,848.0,263.0,2,"[-390.7633     174.7721      21.782331    19.260944    24.302778
  -11.251926     3.7321413   -4.7285223    5.12822      7.4909024
    7.3390517   10.8308115    9.560859 ]",1,706,A. jubatus,,A,growl
0.296424001455307,0.035484593361616135,3645.5,452.25,21,"[-314.12158    196.1459      -7.3527613    1.5268893   10.278661
  -16.795546     7.6617413   -8.00652      1.3462316    2.3258107
   -1.1896749    5.7655554    6.899343 ]",4,3456,A. jubatus,,A,
0.17185980081558228,0.022913338616490364,2181.8,308.0,8,"[-3.77404358e+02  1.85390945e+02  2.12917557e+01  2.12500439e+01
  2.12340317e+01 -7.44915771e+00 -1.18824996e-01 -6.78529072e+00
  5.73323107e+00  2.43408656e+00  8.18202972e-01  9.69044590e+00
  1.10641899e+01]",5,2984,A. jubatus,,A,growl
0.24393299221992493,0.023586733266711235,3437.0,314.0,11,"[-365.64587    183.1293      10.400447    13.857635    15.696203
   -8.727321    10.021501    -5.020902     3.8502939    4.1641507
    2.9946058    6.5993066    8.400487 ]",5,3108,A. jubatus,,A,
0.1946527361869812,0.029304005205631256,2189.0,331.0,5,"[-3.6196008e+02  1.9816568e+02  1.6857285e+01  1.6241497e+01
  2.0166101e+01 -1.1524044e+01 -9.7111189e-01 -9.3313732e+00
  3.9093165e+00  2.8315312e-01 -1.5297028e+00  1.0522570e+01
  9.7304220e+00]",3,1919,A. jubatus,,A,growl
0.16567473113536835,0.019104287028312683,2344.545454545455,198.45454545454547,11,"[-415.07303    178.40977     37.539585    18.577972    23.037249
   -5.1207724    8.656236     1.0321064    6.91051      7.8906174
    6.948767     7.5162134    7.0328283]",11,4722,A. jubatus,,A,growl?
0.21630646288394928,0.016515331342816353,2335.0714285714284,151.42857142857142,8,"[-420.45816     160.43457      40.576775      9.5828705    28.923986
    4.1298456     9.623291      0.43906343   10.032122      5.165676
    4.226773      8.216902      9.405201  ]",14,5581,A. jubatus,,A,growl?
0.1565926969051361,0.013280695304274559,1070.0,157.0,4,"[-416.44724    148.60292     27.965828    27.457718    20.630169
    2.9553893   12.3895235    1.9725252   10.909307     5.4738007
    1.2351841    5.921908     6.367309 ]",2,1269,A. jubatus,,A,growl
0.06126169115304947,0.012218192219734192,893.0,227.0,1,"[-3.8703839e+02  1.3897411e+02  2.1810564e+01  2.6417431e+01
  2.0345829e+01  2.7458601e+00  6.7097163e+00  5.0990052e+00
  9.3392601e+00  6.9877653e+00 -1.2516683e-01  7.6306310e+00
  4.9442291e+00]",1,595,A. jubatus,,A,
0.08794305473566055,0.01381837297230959,2005.8,163.8,5,"[-4.1045328e+02  1.4489627e+02  2.4679367e+01  3.4861702e+01
  2.5052517e+01  9.1372414e+00  1.4962368e+01  7.3056829e-01
  1.5447738e+01  9.3538990e+00 -2.8804123e-01 -1.7703727e+00
  1.9201512e+00]",5,2342,A. jubatus,,A,growl
0.07603025436401367,0.01601943001151085,2053.2000000000003,121.2,4,"[-405.3326     135.49806     28.332628    35.358795    21.173336
    9.87571     20.57499      4.320864    14.984312     9.90343
    4.4866977    1.870926     5.810529 ]",5,1880,A. jubatus,,A,growl
0.195850670337677,0.013376197777688503,2130.0,237.0,4,"[-390.86728    139.12428     19.33927     25.527735    20.040197
    3.1375582   14.637445     3.313946    12.585862     7.6854844
    2.6930733    5.269257     4.9164805]",2,1239,A. jubatus,,A,
0.33368510007858276,0.010414528660476208,3392.0,235.5,5,"[-415.91974    135.2048      26.014288     7.8323355   24.66728
   -3.4855132    6.825694     1.1723154    9.076063     3.500975
    1.6899941    4.129609     5.2639937]",4,3686,A. jubatus,,A,
0.19587530195713043,0.019107636064291,10234.76923076923,210.3846153846154,13,"[-386.5985     129.72046     44.054783    17.376925    29.654799
   -2.3237426    8.181632     2.9492486   11.010385     4.946534
    1.9988133    4.7701416    5.092374 ]",13,9331,A. jubatus,,A,growl?
0.5370909571647644,0.02409479208290577,10179.0,274.2857142857143,15,"[-333.76086    141.80382     39.21859     16.14849     29.888006
   -4.783087     8.556311     3.1539097   10.146303     3.9136753
    0.6991121    4.4040265    4.1193166]",7,4701,A. jubatus,,A,growl
0.1582222431898117,0.02273290604352951,10064.2,250.8,10,"[-343.34476    143.39955     48.995216    14.777755    30.998997
   -2.9563098    3.8697567    2.6280158   12.789983     3.1268315
   -0.6410299    3.7403462    3.7855806]",5,3214,A. jubatus,,A,growl
0.05160573869943619,0.009833700954914093,841.5,106.0,1,"[-442.44315    126.467804    45.232803    17.980646    30.531578
    5.2246485   15.529152     5.196687    12.368223     8.219327
    2.6347191    3.3250525    3.4841032]",2,1028,A. jubatus,,A,growl
0.026992110535502434,0.0026631788350641727,696.0,303.0,0,"[-380.55978      71.548004    -10.583479     39.267838     -8.626634
    6.3735394    -3.8260252     0.73728794   -2.7556992    -0.65335375
   -0.96736664    4.231222     -3.7115438 ]",1,4119,A. jubatus,G (1 M and 2F),A,growl
0.3406417667865753,0.01028432510793209,10328.6,727.8,27,"[-3.2154611e+02  7.8265930e+01 -1.1309728e+01  3.4037502e+01
 -2.4247358e+00  4.3203149e+00 -7.5233707e+00 -1.0326012e+00
 -4.0034418e+00 -1.4154940e+00 -4.2169685e+00  5.2323096e-02
 -1.9796914e+00]",5,15952,A. jubatus,G (1 M and 2F),A,hiss
0.10427065193653107,0.01646050624549389,2355.0,415.5,3,"[-3.1557748e+02  1.2947595e+02 -3.6058182e-01  4.1513626e+01
 -5.8316627e+00  3.0298584e+00 -2.5659819e+01 -9.3642082e+00
 -1.1011983e+01 -3.8610194e+00 -9.2320652e+00 -1.2790145e-01
 -4.7996249e+00]",2,2343,A. jubatus,G (1 M and 2F),A,growl
0.1400168389081955,0.02410309948027134,7153.25,627.5,8,"[-260.24588    120.15907    -13.954652    44.336926    -2.9297433
   -9.636373   -27.830896    -4.187795   -17.939428    -2.4493315
  -12.04061     -1.2418514   -5.0218863]",4,5413,A. jubatus,G (1 M and 2F),A,growl
0.20968984067440033,0.034289367496967316,7377.6,742.2,5,"[-242.53223    118.57603    -14.984925    35.450962     1.1148077
   -3.9478042  -26.066044   -13.151139   -30.19885     -7.866587
   -5.5070033   -1.5362899  -13.414111 ]",5,6327,A. jubatus,G (1 M and 2F),A,growl
0.20528478920459747,0.009120993316173553,3675.5,621.5,2,"[-315.2475      101.84746     -11.437754     42.26436      -1.1499344
   -0.79712933  -12.287624     -6.3388124    -9.533104     -4.394039
   -2.5531018    -1.0052654    -4.5644126 ]",2,4650,A. jubatus,G (1 M and 2F),A,growl
0.3119599521160126,0.012400472536683083,9976.0,708.0,0,"[-328.05838     76.40812    -25.685722    34.8989      -8.023692
    9.07395      0.7387566    5.328934    -2.5042126   -1.4745151
   -5.4205256    3.95933     -2.8302877]",1,4000,A. jubatus,G (1 M and 2F),A,hiss
0.05348080024123192,0.006888945586979389,2838.333333333333,392.6666666666667,2,"[-337.1986      110.65267      -4.2412844    40.56529     -11.805585
    0.88333285  -15.194016      3.575104     -2.175954     -0.52142346
   -7.1129947    -1.7397814   -10.835936  ]",3,5707,A. jubatus,G (1 M and 2F),A,growl
0.12894144654273987,0.007897553034126759,4081.8,551.8,2,"[-331.32407     106.51675     -14.207827     42.452946     -4.936017
    6.627716    -13.1558275     0.48342347  -10.424236     -3.6464136
   -5.2478323     3.2199411    -3.398498  ]",5,9898,A. jubatus,G (1 M and 2F),A,growl
0.21199481189250946,0.017937785014510155,6915.333333333333,819.6666666666666,8,"[-260.8232     105.5982      -1.2231885   41.415638    -8.217595
   -3.9738789  -28.519093    -2.0996263  -13.158624    -6.4385853
   -5.8697124   -5.838349     2.6424012]",3,6549,A. jubatus,G (1 M and 2F),A,growl
0.30015984177589417,0.0457022488117218,9401.0,855.4615384615385,29,"[-203.83853     115.09234     -19.64059      41.175083    -15.274056
  -16.721062    -25.83246      -8.091252    -18.628855     -0.62084216
   -6.251035    -11.934148     -2.3407693 ]",13,18479,A. jubatus,G (1 M and 2F),A,growl
0.23775099217891693,0.015460211783647537,4183.666666666666,582.6666666666666,4,"[-290.89075    118.11014    -22.358416    41.019714    -8.683463
   -6.7396173  -21.099932     1.2803901  -17.604933    -4.6418777
  -11.552228    -3.9138415   -3.9505122]",3,5858,A. jubatus,G (1 M and 2F),A,growl
0.22919969260692596,0.009618232026696205,6343.0,947.0,2,"[-290.46497     82.40188    -12.036761    28.633484   -10.165328
    5.063555    -7.8483047    2.8303862   -5.406556    -1.1433839
   -3.0923486    2.1122732   -4.4936023]",1,3110,A. jubatus,G (1 M and 2F),A,hiss
0.2174057960510254,0.013403652235865593,6231.714285714285,927.8571428571429,14,"[-400.84436     88.104836   -47.066555     9.715095     4.377055
    7.3895855    5.105143     6.4032845    4.313517    16.16728
   12.263424     8.204159     4.122528 ]",7,20388,A. jubatus,P,A,
0.0640336275100708,0.00804472342133522,4192.0,1096.0,2,"[-393.25458     104.04195     -45.50122      37.581234    -12.584886
   -2.9307892    -5.296255     -0.9473555   -11.492296      1.669912
    7.296364      5.4578547    -0.79432416]",1,3183,A. jubatus,P,A,
0.13191573321819305,0.002934414427727461,2795.777777777778,152.77777777777777,0,"[-4.3657443e+02  1.1219674e+02  2.5832186e-02  2.8022564e+01
 -7.0643544e+00 -4.7819683e-01 -2.5768702e+00  5.7731237e+00
 -3.9127343e+00 -2.1362295e+00 -4.0487703e-02  6.5100389e+00
 -5.3052473e-01]",9,17105,A. jubatus,P,A,growl?
0.07877051830291748,0.004988187924027443,3756.0,400.0,3,"[-3.9934134e+02  9.8429878e+01 -9.7458534e+00  2.5045313e+01
 -1.0281693e+01  4.9712172e+00  6.5580085e-02 -4.3721324e-01
 -9.3659706e+00  2.1633821e+00  1.5687158e+00  6.4311376e+00
 -9.7139013e-01]",2,4884,A. jubatus,P,A,growl?
0.1693640649318695,0.030275719240307808,3777.0,856.0,13,"[-291.21262    149.19965    -38.332024    13.858321   -20.381067
   -9.210376    -8.401696   -12.569587   -31.98036     -8.48639
    1.4989117   -2.8592532    0.4852831]",1,1460,A. jubatus,P,A,growl?
0.1456398069858551,0.009386362507939339,5191.200000000001,436.6,5,"[-3.7184290e+02  1.1403600e+02 -1.0572564e+01  2.7858072e+01
 -1.1627057e+01  1.8708010e-01 -3.5451276e+00 -2.5486319e+00
 -1.3848100e+01 -3.9075232e+00 -8.2229471e-01  2.5918233e+00
 -2.6725645e+00]",5,10402,A. jubatus,P,A,growl?
0.19828614592552185,0.008184058591723442,4431.375,344.875,3,"[-3.92114075e+02  1.18552696e+02 -1.09622345e+01  2.31191826e+01
 -1.11551123e+01  7.66001225e-01 -4.06883907e+00 -2.49156260e+00
 -1.01588526e+01 -3.08693814e+00  2.97456294e-01  3.69221163e+00
 -2.27271986e+00]",8,15246,A. jubatus,P,A,growl?
0.20235131680965424,0.009487096220254898,4145.333333333333,369.3333333333333,9,"[-3.7911838e+02  1.2006233e+02 -1.2598976e+00  2.9771078e+01
 -1.3327444e+01  1.7657285e+00 -5.7202330e+00 -3.8982942e+00
 -1.4831572e+01 -5.7784691e+00  5.9773801e-03  4.1743174e+00
 -3.3335516e+00]",6,11094,A. jubatus,P,A,growl?
0.09196411818265915,0.011680038645863533,3659.0,714.0,7,"[-333.63184    130.227      -35.72792     26.563192   -14.1926775
   -3.9191804   -7.0994678   -0.413881   -18.275702   -10.933919
   -3.110656     5.9561543   -5.98921  ]",2,3850,A. jubatus,P,A,growl?
0.04170671105384827,0.0032113606575876474,1457.0,225.0,0,"[-421.91794    113.58731    -27.298622    26.484264    -8.838544
    5.567227    -3.965039    -1.6073979   -9.58276      4.0357614
    1.2479749    6.061993    -3.6140723]",1,2370,A. jubatus,P,A,growl?
0.21767453849315643,0.030472129583358765,6788.0,1412.0,13,"[-225.51094    109.06938    -52.40964     16.923433   -19.145182
   -2.2321706   -8.653919   -11.890694   -31.453917    -2.8855407
    8.972492     4.6776714   -4.199028 ]",2,5253,A. jubatus,P,A,growl?
0.23809099197387695,0.012422755360603333,7158.625,713.75,5,"[-3.35562897e+02  1.25415726e+02 -2.47701817e+01  1.92803593e+01
 -1.60223255e+01 -1.90148294e+00 -7.42287540e+00 -6.99964619e+00
 -9.03321838e+00 -5.34373999e+00 -1.35270166e+00  2.93683696e+00
  2.36684158e-01]",16,32392,A. jubatus,P,A,growl
0.20073112845420837,0.01294060330837965,5030.400000000001,778.6,6,"[-334.8931      128.61745     -36.08242      16.457869    -16.377157
   -1.9045138     0.6030354    -1.6904577   -18.287874     -2.3607283
   -0.51708955    7.4875445     2.1798625 ]",5,10240,A. jubatus,P,A,growl
0.17297884821891785,0.01579379290342331,5577.5,1371.0,21,"[-301.95572    101.56014    -45.375782    28.800085   -11.828044
    6.198936    -4.8249426   -2.701561   -15.197784    -7.3484435
    1.3916023   14.278321    -1.0935017]",2,6927,A. jubatus,P,A,
0.3710867762565613,0.029165247455239296,9840.0,727.0,0,"[-301.32217     96.767586    -7.120833    41.93868      4.1489024
   26.610884     6.366734    10.618336     6.9009476   11.064355
    2.0504403    9.3425255    5.2006483]",1,1435,A. jubatus,F,A,hiss
0.29718127846717834,0.008217369206249714,2887.3333333333335,160.0,2,"[-406.60794    104.12785      8.394991    40.36173      8.223358
   19.779144     5.43273      8.238766     7.7984977    7.8891187
    1.3056812    9.984952     7.4564443]",3,2874,A. jubatus,F,A,growl
0.030406054109334946,0.005420757923275232,413.0,107.0,0,"[-415.95145    108.61606      7.8257337   40.351467     6.5406833
   20.945808     5.7938457   13.93373      4.2358065    9.677491
   -3.5647826    6.292291     2.5298955]",1,1023,A. jubatus,F,A,hiss
0.03128040209412575,0.007627221755683422,771.0,72.0,2,"[-430.28156    109.74892      6.183385    44.789406    12.126047
   22.577925     7.738214    12.597782     7.8528438   10.480778
    0.7997933   12.806564     4.3496113]",4,2147,A. jubatus,F,A,growl
0.3645852208137512,0.010196731425821781,9518.5,444.5,2,"[-362.73392     93.97129      0.6177801   40.325405     1.0798118
   19.206547     6.676765    14.736129     5.2015676    8.716849
   -1.9776039    7.8846374    3.910538 ]",2,2986,A. jubatus,F,A,hiss
0.0363481268286705,0.004411284811794758,600.6666666666666,48.666666666666664,2,"[-4.7036539e+02  1.0097317e+02  1.3656546e+01  3.9112209e+01
  1.5609711e+01  2.0943851e+01  6.9683352e+00  1.2901997e+01
  6.7265139e+00  1.0181113e+01  9.1370337e-02  1.1302244e+01
  6.2033777e+00]",3,2230,A. jubatus,F,A,growl
0.054401472210884094,0.00516527658328414,533.5,99.5,0,"[-440.339      100.851555     6.694757    43.884624     8.965654
   14.305352     5.2903676   12.914899     4.350687     9.575276
    1.0331757   10.785631     5.026628 ]",2,1972,A. jubatus,F,A,growl
0.428789883852005,0.03494446352124214,9815.0,924.0,30,"[-306.03638     96.71323      7.252934    41.81182      5.3246384
   20.982836     3.830021    10.946996     2.4099092    6.022978
   -1.4494402    5.983469     3.1842513]",1,1568,A. jubatus,F,A,hiss?
0.032507069408893585,0.0033976139966398478,583.0,84.5,1,"[-463.8263      88.163025     5.9567647   40.833923     6.540834
   13.849728    -0.7776069   11.337143     4.504684     8.894928
    1.0977412   14.443016     8.939293 ]",2,2604,A. jubatus,F,A,growl
0.008185924030840397,0.000882176507730037,112.0,2.5,0,"[-5.66092834e+02  1.38231842e+02  2.18285656e+01  2.82222319e+00
 -5.47190428e+00  1.71827431e+01  1.21618755e-01  5.37999058e+00
  8.61620128e-01  5.78201103e+00 -1.90983129e+00  7.37361670e+00
 -3.51668549e+00]",2,2613,Domestic Cat,Pair (Unknown),Adult,hiss
0.010302997194230556,0.0008499373216181993,217.66666666666666,1.6666666666666667,0,"[-5.8580786e+02  1.4906473e+02  2.1916864e+01  1.4491647e+00
  1.3360717e+00  1.1869758e+01  1.8797511e+00  4.6636949e+00
  2.4722859e-01  7.1947331e+00  1.7662351e-01  6.3429341e+00
 -1.0349265e+00]",3,3070,Domestic Cat,Pair (Unknown),Adult,growl?
0.006717353127896786,0.0007558261859230697,101.5,0.5,0,"[-570.97546    130.85994     21.75845      4.817731    -5.1113076
   18.233173     2.4661958    2.0514755    3.208844     4.925329
   -1.8997651    5.893175    -4.142797 ]",2,2753,Domestic Cat,Pair (Unknown),Adult,hiss
0.009543397463858128,0.0008446573046967387,218.99999999999997,0.6666666666666666,0,"[-5.7990637e+02  1.5151863e+02  1.9174568e+01  9.7421205e-01
 -5.8718193e-01  1.1079382e+01  1.6017030e+00  4.3897872e+00
 -3.2968351e-01  5.5568905e+00 -1.4139881e+00  5.5116639e+00
 -1.7649142e+00]",3,3144,Domestic Cat,Pair (Unknown),Adult,growl?
0.008842104114592075,0.0008458906668238342,204.5,1.0,0,"[-562.9846     134.76276     22.839476     1.4176073   -7.218728
   16.101883     2.7329788    0.920345     4.6819882    4.454934
   -1.4458572    6.5202074   -3.2056527]",2,2934,Domestic Cat,Pair (Unknown),Adult,hiss
0.0049700443632900715,0.0007910364074632525,111.0,0.0,0,"[-582.0629      144.15564      18.807163      4.132144     -0.7630354
   12.018909      1.4787043     3.3955226    -0.86846703    5.3110304
   -1.4927466     5.4340057    -1.6154267 ]",2,2181,Domestic Cat,Pair (Unknown),Adult,growl?
0.012295580469071865,0.0009040211443789303,263.99999999999994,4.0,0,"[-581.6849     148.89503     23.057358     5.5021415    3.9995494
   13.29421      2.1530588    4.4021907   -0.817371     4.593811
   -2.6274662    3.5670314   -2.7314506]",3,3112,Domestic Cat,Pair (Unknown),Adult,growl
0.017251307144761086,0.0009864106541499496,217.5,5.0,0,"[-5.8051825e+02  1.4570892e+02  2.7059961e+01  9.3152800e+00
  1.7996432e-01  1.3913918e+01  5.7087146e-02  3.3436170e+00
 -9.4275779e-01  4.5235176e+00 -2.1679714e+00  4.1198325e+00
 -2.4288650e+00]",2,2171,Domestic Cat,Pair (Unknown),Adult,growl
0.01331728883087635,0.0008201530436053872,386.40000000000003,1.0,0,"[-5.7844623e+02  1.4909622e+02  1.8398409e+01  1.1534897e+00
 -1.8913678e+00  1.2074312e+01  1.7931415e-01  4.5627508e+00
 -9.9369389e-01  5.2247066e+00 -1.5927454e+00  4.7437620e+00
 -2.7408605e+00]",5,5511,Domestic Cat,Pair (Unknown),Adult,growl
0.010813320986926556,0.0007989984005689621,123.66666666666666,1.3333333333333333,0,"[-5.7998645e+02  1.5112234e+02  1.5737396e+01 -1.0121979e+00
 -4.8396143e-01  1.1495886e+01 -1.3693984e+00  3.7051258e+00
 -6.2452477e-01  4.5992479e+00 -1.8649344e+00  5.3316584e+00
 -2.1089623e+00]",3,3396,Domestic Cat,Pair (Unknown),Adult,growl?
0.009211009368300438,0.0007213149801827967,100.0,0.5,0,"[-595.2919     146.44463     20.557358     2.4410775    2.32035
   11.947813    -1.1832224    4.13092     -1.551048     4.993973
   -1.5247293    5.0943975   -0.8711269]",2,2135,Domestic Cat,Pair (Unknown),Adult,growl
0.007725968491286039,0.0008458687807433307,341.5,1.25,0,"[-5.7721570e+02  1.5462675e+02  1.7516514e+01 -1.7969731e+00
 -1.7298658e+00  1.0885862e+01  1.0557313e-01  3.5540440e+00
 -1.0027423e+00  5.2991705e+00 -2.3924685e+00  4.7078781e+00
 -1.8567116e+00]",4,4386,Domestic Cat,Pair (Unknown),Adult,growl
0.012338112108409405,0.0007798651931807399,469.0,1.3333333333333333,0,"[-582.49365     140.38588      19.995504      5.8096676    -1.3717146
   11.748566      0.6219238     4.1008224    -0.58324915    5.9813347
   -1.8159531     4.8586087    -1.8733002 ]",3,3432,Domestic Cat,Pair (Unknown),Adult,growl
0.005813496187329292,0.0007414161809720099,463.0,0.0,0,"[-5.8007153e+02  1.4690192e+02  1.7254126e+01 -1.5825250e+00
 -1.4708887e+00  1.0754670e+01  1.7875350e-01  3.6823022e+00
 -2.1381131e-01  5.1038165e+00 -2.6583390e+00  4.5298767e+00
 -1.9385937e+00]",4,4786,Domestic Cat,Pair (Unknown),Adult,growl
0.010675213299691677,0.0007934255991131067,456.66666666666663,0.3333333333333333,0,"[-580.5638      149.59341      18.142012     -1.1676295    -0.69043356
   11.836129     -1.1914086     2.876146     -1.4785242     4.038836
   -2.1131227     5.2492614    -1.9820024 ]",3,3415,Domestic Cat,Pair (Unknown),Adult,growl
0.011371892876923084,0.0007060493226163089,190.5,0.75,0,"[-5.8969086e+02  1.4532846e+02  1.9972155e+01  1.2639816e+00
 -1.7250061e-01  1.0777327e+01 -9.7750360e-01  2.9476864e+00
 -1.7214202e+00  5.0177650e+00 -2.5916307e+00  4.5732293e+00
 -2.3002682e+00]",4,4505,Domestic Cat,Pair (Unknown),Adult,growl
0.007975601591169834,0.0007845168001949787,109.33333333333331,0.6666666666666666,0,"[-5.6924628e+02  1.4154240e+02  2.0004601e+01 -2.0497522e+00
 -4.9295592e+00  1.2799551e+01  1.3354038e-01  2.5288093e+00
 -5.4241210e-02  4.5406542e+00 -3.3668015e+00  5.3451014e+00
 -3.2750020e+00]",3,3961,Domestic Cat,Pair (Unknown),Adult,hiss
0.008197346702218056,0.0007903323275968432,414.25,0.25,0,"[-583.37836    152.94073     17.392988    -2.4777741   -1.7004962
   10.189035    -1.2548373    3.4147348   -2.2682335    3.6468153
   -3.4652565    4.6881104   -2.678381 ]",4,4414,Domestic Cat,Pair (Unknown),Adult,growl
0.004787158221006393,0.0007278177072294056,271.0,0.0,0,"[-568.7261      128.50496      23.85088       2.6755486    -4.431588
   11.365631      2.8241131     0.79370093    1.3356147     4.407177
   -3.1058283     7.325268     -4.366799  ]",3,4827,Domestic Cat,Pair (Unknown),Adult,hiss
0.008926778100430965,0.0008411909220740199,465.5,1.25,0,"[-5.8295966e+02  1.4822124e+02  2.3271145e+01  3.4776037e+00
  3.5580653e-01  1.1422545e+01  1.1090052e+00  3.7231591e+00
 -2.0533845e+00  4.3925471e+00 -2.6158562e+00  4.8559351e+00
 -2.4805501e+00]",4,4014,Domestic Cat,Pair (Unknown),Adult,growl
0.005514950957149267,0.0008544446900486946,213.0,0.0,0,"[-554.1328     125.344345    21.601852    11.526002    -9.405938
   14.059739     1.0188854   10.565102    -3.699        6.8572435
   -1.7537086    4.0255013   -3.8350265]",2,3037,Domestic Cat,Pair (Unknown),Adult,hiss
0.03630802780389786,0.0013294066302478313,574.75,7.25,0,"[-5.5362433e+02  1.4131235e+02  2.6905426e+01  1.1781988e+01
 -5.6834602e+00  8.3610573e+00  2.5703132e+00  2.8222138e-01
 -2.1231570e+00  2.5105600e+00 -7.0479131e-01  2.6377635e+00
 -2.4631100e+00]",4,4398,Domestic Cat,Pair (Unknown),Adult,growl
0.20611198246479034,0.020492125302553177,10544.75,2526.75,63,"[-3.0263159e+02 -2.1020979e+01 -1.9857393e+01  4.1372551e+01
 -1.1277218e+01  1.6869526e+01 -1.3959870e-01  9.0853615e+00
 -3.4328268e+00  4.4990630e+00 -9.8719515e-02  6.1423821e+00
 -1.1561067e+00]",4,30863,Domestic Cat,Female ,Adult ,hiss
0.08859416842460632,0.004697452764958143,5112.5,891.5,3,"[-390.42242     29.830473   -19.381002    46.389393    -9.067577
   20.966812    -6.919459    11.925763    -5.2582984    9.457027
   -4.772788     7.08819      2.2661347]",2,11568,Domestic Cat,Female ,Adult ,call
0.15303225815296173,0.008180190809071064,10156.5,1845.0,19,"[-3.7155829e+02 -7.7736225e+00 -5.3761835e+00  4.5599049e+01
 -1.6592585e+01  2.0522707e+01 -1.2919202e+00  1.0281904e+01
 -3.0178320e+00  1.3224138e+01  7.0913859e-02  7.1095390e+00
  3.8500595e+00]",2,15483,Domestic Cat,Female ,Adult ,hiss
0.056716956198215485,0.0056728459894657135,7471.0,2740.0,1,"[-347.8032      -7.0184712   -9.285598    49.39004     -8.1394825
   13.399766    -1.224689    17.707388    -3.2324576   10.331
   -7.5669527    6.375656     2.248846 ]",1,8561,Domestic Cat,Female ,Adult ,call
0.018355323001742363,0.0018188959220424294,950.0,50.4,0,"[-4.4841434e+02  5.7381657e+01  6.8805838e+00  4.4548199e+01
 -1.7977486e+01  1.2248040e+01 -1.0261027e+00  1.3475276e+01
 -1.6804469e+00  8.6195917e+00  4.0680504e-01  3.1330316e+00
  4.8155694e+00]",5,20786,Domestic Cat,Female ,Adult ,unknown
0.1161046102643013,0.005106981843709946,8166.833333333333,1794.3333333333333,1,"[-3.6570770e+02  1.9176815e+01 -1.0994152e-01  4.1963207e+01
 -2.0859819e+01  2.2474335e+01 -2.2497625e+00  1.8990450e+01
 -7.9338880e+00  1.6174237e+00  8.3318961e-01  5.9417081e+00
  4.2362800e+00]",6,41898,Domestic Cat,Female ,Adult ,call
0.0308094322681427,0.001846867729909718,1632.5,30.666666666666668,0,"[-4.4712540e+02  5.9593929e+01  9.3195429e+00  4.3808067e+01
 -1.2099669e+01  1.0852118e+01  2.6847410e-01  1.1218168e+01
 -2.7560451e+00  9.7530146e+00  6.0649717e-01  4.2463446e+00
  4.9660511e+00]",6,23054,Domestic Cat,Female ,Adult ,growl?
0.015449105761945248,0.0021156230941414833,2380.5,236.5,0,"[-443.96616     56.278202    -3.5894046   43.588642    -7.519972
   13.625619    -1.0574769   11.383683    -3.841622    12.326214
    0.9729622    6.1421394    2.217705 ]",2,7757,Domestic Cat,Female ,Adult ,call
0.02562548778951168,0.0027151107788085938,1653.0,296.5,1,"[-414.75894     59.852535    12.347195    46.516663   -11.601598
   20.787642    -7.2742815   12.896082    -6.6090455   11.512891
   -1.3756328    3.4715214    5.461711 ]",2,8262,Domestic Cat,Female ,Adult ,call
0.02295374684035778,0.002295263111591339,4243.0,441.0,0,"[-4.3094528e+02  3.8252277e+01 -4.0479736e+00  5.1093906e+01
 -1.1909436e+01  1.1683707e+01 -3.4184234e+00  1.3451336e+01
 -6.2203355e+00  7.1081786e+00 -3.7628239e-01  6.7783742e+00
  2.5353651e+00]",2,10458,Domestic Cat,Female ,Adult ,call
0.04015113413333893,0.003470653435215354,4342.5,745.5,0,"[-403.74002     41.612835    -5.825139    56.043705   -10.01311
   11.465997    -1.8842672   13.73483     -4.5832005    4.772673
   -1.663144     7.569842     2.3265426]",2,10746,Domestic Cat,Female ,Adult ,call
0.042327478528022766,0.0032289940863847733,5545.0,756.5,0,"[-419.1162      40.70781     11.722179    53.58656    -18.345806
   12.356817    -3.518007    12.353225    -4.207865     7.1876135
    0.5872997   10.242947     3.5487792]",2,10927,Domestic Cat,Female ,Adult ,call
0.03971525654196739,0.0035484887193888426,5339.5,872.0,0,"[-4.0693674e+02  3.3326134e+01 -3.9180248e+00  5.6187431e+01
 -1.7379742e+01  1.3352595e+01 -2.3588789e+00  1.0895555e+01
 -3.5074818e+00  8.5689497e+00 -1.1471002e-01  4.2525878e+00
  2.9513764e+00]",2,11001,Domestic Cat,Female ,Adult ,call
0.19245541095733643,0.03315567597746849,10468.5,3177.5,50,"[-276.2331      -41.332523    -24.077862     49.823647    -16.366203
   17.551146     -3.0547962     5.8996534    -2.747797      4.88519
   -0.34765288    8.580896      4.2288575 ]",2,15590,Domestic Cat,Female ,Adult ,hiss
0.08947759121656418,0.003455647500231862,6308.866666666667,511.46666666666664,0,"[-4.2261813e+02  5.7280922e+01 -1.3238074e+01  4.5166710e+01
 -1.2898046e+01  1.1473901e+01 -9.8332882e-01  1.1428257e+01
 -3.6250608e+00  1.0414896e+01  3.6693415e-01  5.0049281e+00
  3.1041276e+00]",15,56091,Domestic Cat,Female ,Adult ,growl/hiss
0.05977789685130119,0.0053220996633172035,6364.666666666666,1206.3333333333333,2,"[-387.38306     28.183187   -17.324547    54.28288     -9.005847
   16.727388    -3.5993545   12.852082    -3.46323     10.403394
   -6.0231037    6.207258     5.1079497]",3,15500,Domestic Cat,Female ,Adult ,call
0.16653306782245636,0.0069102272391319275,10387.25,1103.25,0,"[-384.54922     38.85707    -16.70754     43.784245   -14.670812
   14.542165    -1.7207879   13.534723    -8.536779     8.207337
    1.9834164    0.9830536    2.7903707]",8,41014,Domestic Cat,Female ,Adult ,call
0.04948664456605911,0.0020418474450707436,5389.75,134.5625,0,"[-448.01715     65.23565      1.0235398   40.38553    -15.618795
   15.926754     2.2556086   12.981659    -8.504761     8.018871
    2.2188613    1.312732     5.435516 ]",16,57977,Domestic Cat,Female ,Adult ,call sequence
0.1592945009469986,0.013046937063336372,10449.666666666666,2122.3333333333335,25,"[-345.38373     -9.825273    -6.4098444   52.626568   -11.128641
   15.13104      1.1336795   12.117775    -6.469713     8.956812
   -2.9953794    5.8293014    2.7245224]",3,20983,Domestic Cat,Female ,Adult ,call
0.06612300127744675,0.0038887932896614075,7133.363636363637,761.0909090909091,0,"[-413.22937     44.896065    -6.5686245   35.010693   -14.246838
   18.859915    -2.3688266   15.688585   -11.06091     11.543365
    2.3564668    3.3170698    2.0345376]",11,47002,Domestic Cat,Female ,Adult ,call sequence
0.07093573361635208,0.0027709570713341236,7100.4375,399.3125,0,"[-439.31174     52.48695     -1.1145474   37.02317    -18.232248
   19.67658      2.3125937   16.972357    -7.5453024    6.933076
    3.8002703    1.8665262    5.3614845]",16,67453,Domestic Cat,Female ,Adult ,call sequence
0.10434044152498245,0.0032948912121355534,7519.933333333333,506.4,0,"[-431.4702      46.59813     -3.271354    43.390347   -16.16705
   16.254145     1.3805215   13.362468    -5.747826     8.625978
    0.5116204    2.8135498    5.990319 ]",15,65215,Domestic Cat,Female ,Adult ,call sequence
0.2120056301355362,0.009725741110742092,7613.25,860.5,8,"[-2.9604474e+02  9.1222870e+01  2.1138805e+01  2.8188171e+01
 -6.6410909e+00  5.2090001e+00 -3.5252988e+00  4.1766405e+00
 -4.7960196e+00  3.7514021e+00  1.4185236e-01  3.3156395e+00
 -3.1171677e+00]",4,9947,Domestic Cat,Female ,Adult ,growl
0.0913100391626358,0.01319355983287096,3502.0,451.5,11,"[-3.0645706e+02  1.0918139e+02  2.9541805e+01  2.4681252e+01
 -1.9238458e+00  1.2629765e-01 -5.0403585e+00  4.5011866e-01
 -8.5375328e+00  4.6235520e-01 -1.4162279e+00  5.4198732e+00
  4.3346021e-01]",4,5719,Domestic Cat,Female ,Adult ,growl
0.14058750867843628,0.010266480967402458,5233.5,863.0,8,"[-281.44543     97.27118     21.444355    23.632603    -9.835824
    7.523193    -4.0974336    8.0579605   -1.2101829    1.0504323
   -4.173109     2.2635436   -4.4229   ]",2,5059,Domestic Cat,Female ,Adult ,hiss
0.03582385927438736,0.004856035113334656,3127.9999999999995,116.66666666666667,0,"[-536.3304      95.80386     -5.324465    31.414497    15.815129
   17.70039     14.433622     7.582605    -3.0628142   14.719295
   18.3261       6.0574837   -9.870907 ]",3,3895,Domestic Cat,Male,Juvenile ,purr
0.048655930906534195,0.0025470780674368143,4435.25,473.75,0,"[-598.85974     57.67909     -4.0596657   23.151613    14.978256
   19.889467    13.900343    10.2775135   -6.332036    14.478513
   22.132679    13.5382185  -14.827171 ]",4,8927,Domestic Cat,Male,Juvenile ,purr
0.02961662784218788,0.002409505657851696,2859.25,472.0,0,"[-593.7779      55.995045    -0.6681769   24.344507    14.938193
   22.201544    16.141836    10.008883    -8.35762      8.179029
   17.069546    22.864588   -10.989466 ]",4,8264,Domestic Cat,Male,Juvenile ,purr
0.05607890710234642,0.0026836111210286617,4054.0,350.5,0,"[-595.4162      59.266422    -8.474661    23.716625    14.17452
   20.36175     16.05735     14.996599    -5.465247     4.115653
    9.466824    22.787012    -1.5729907]",2,3504,Domestic Cat,Male,Juvenile ,purr
0.14782468974590302,0.0037240711972117424,2998.6666666666665,331.3333333333333,0,"[-515.2443      87.75457     -3.931561    28.83875     13.519026
   15.889137     9.623545     9.83311     -4.441824     6.6516247
    9.539894    13.134401    -4.0007353]",3,5442,Domestic Cat,Male,Juvenile ,purr
0.06269526481628418,0.0023001758381724358,4247.083333333333,371.9166666666667,0,"[-583.212       57.383083    -2.4833486   24.993422    17.724552
   22.720238    17.132513    14.460575    -5.9274645    2.807376
    8.321451    20.139477    -3.3584123]",12,24451,Domestic Cat,Male,Juvenile ,purr sequence
0.0634712427854538,0.002381641883403063,4848.846153846154,372.53846153846155,0,"[-5.9103857e+02  5.2807922e+01 -5.0581536e+00  2.1691681e+01
  1.8522898e+01  2.3322561e+01  1.6002516e+01  1.4258932e+01
 -3.1685417e+00  3.2350838e-02  4.0654607e+00  1.8832726e+01
  7.3658186e-01]",13,26212,Domestic Cat,Male,Juvenile ,purr sequence
0.053956538438797,0.0026128189638257027,5125.5,417.0,1,"[-624.7175       59.134438     10.415806     22.088316     17.360588
   24.048204     17.906578     12.581821     -4.2975445     0.92025954
    5.33025      20.939444      2.5216894 ]",4,6025,Domestic Cat,Male,Juvenile ,purr
0.0681077092885971,0.0024873840156942606,5240.5,507.6666666666667,0,"[-574.6442      64.53062     -6.406063    21.100368    11.049914
   16.55446     13.121459    15.061533    -2.8969355    3.234392
    3.0846155   16.294544    -3.121699 ]",12,27773,Domestic Cat,Male,Juvenile ,purr sequence
0.033030275255441666,0.0022615576162934303,4633.714285714285,413.2857142857143,0,"[-570.991        71.53192       1.403582     19.166021     10.957161
   19.589708     13.81413      18.958193      4.0689316     3.1418478
    3.7531002    20.251163     -0.87063414]",7,13773,Domestic Cat,Male,Juvenile ,purr sequence
0.5307232141494751,0.02048787660896778,7929.450000000001,128.0,12,"[-3.6301123e+02  9.9972397e+01  4.3521816e+01  4.2343243e+01
  2.7733845e+01  2.7897610e+01  1.3794311e+01  9.9355841e+00
 -9.8080546e-01  1.5349725e+00 -1.5867399e-01  6.0229607e+00
  2.1345856e+00]",20,12548,Domestic Cat,male ,juvenile,purr
0.03802257031202316,0.0040669431909918785,779.5,89.25,2,"[-474.9777     105.457054    15.306756    21.55463     13.241685
   17.66861      2.4897344   10.036563    10.390796    15.345964
    3.0781507    3.579091    -3.6072724]",4,3485,Caracal Carcal,Male,Adult,Growl
0.22653308510780334,0.005658719688653946,9725.5,1214.0,0,"[-3.2124728e+02  5.5768185e+01 -6.8701404e-01  9.0661402e+00
 -4.7239971e+00  1.6663692e+00 -8.9879532e+00 -9.2587370e-01
  1.3023632e+00  1.2284014e+01  8.1163874e+00  1.4053937e+01
 -1.8640989e-01]",2,9444,Caracal Carcal,Male,Adult,Hiss
0.38269901275634766,0.013324425555765629,2082.0,111.0,6,"[-463.8239     106.53408     23.466145    26.794554     9.605377
   14.901822     6.6344843    6.90112      0.7946627    4.7578087
    1.4122763    4.0865765    1.6961347]",2,2674,Caracal Carcal,Male,Adult,Loud rumble/roar
0.043130259960889816,0.0034434604458510876,9600.444444444443,52.44444444444444,1,"[-4.64039612e+02  9.90897064e+01  1.75993347e+01  2.61102715e+01
  1.73047962e+01  2.37579556e+01  6.11127853e+00  8.15044308e+00
  5.12183857e+00  1.35034685e+01  5.36853015e-01  5.12937021e+00
 -3.92123312e-01]",9,8827,Caracal Carcal,Male,Adult,growl
0.01355838868767023,0.002852938137948513,445.6666666666667,30.0,1,"[-467.51172     68.68938     31.874666    20.583689    17.994896
   17.705149     6.5959306    8.933511     4.420702     6.696332
    5.48997      7.7746716   -0.5362171]",3,6313,Caracal Carcal,Male,Adult,Hiss
0.023205438628792763,0.002799682319164276,513.5,72.5,0,"[-457.48163      75.05609      22.219915     19.129366     17.591263
   18.5173        5.409063     10.030293      1.8152711     8.079469
    4.0548167     6.4731326     0.95529467]",2,4187,Caracal Carcal,Male,Adult,Sharp Hiss
0.21600767970085144,0.0038428858388215303,381.0,30.0,1,"[-5.0191284e+02  8.4483803e+01  3.0651270e+01  2.7926960e+01
  1.7914425e+01  1.4940331e+01  8.8542356e+00  8.1556864e+00
  4.6048132e-01  4.6506038e+00  2.4038408e+00  4.4436488e+00
  2.6961668e+00]",2,3213,Caracal Carcal,Male,Adult,growl
0.3119220733642578,0.0035834757145494223,9596.120709656465,37.17575907565235,0,"[-485.768       91.58404     32.11315     22.381853    15.146638
   15.989382     9.721611     9.355293     4.0503693    9.447137
    5.7825274    5.366093    -0.6484836]",9,9973,Caracal Carcal,Male,Adult,growl
0.04011104255914688,0.005864583887159824,1482.25,158.5,2,"[-4.3566031e+02  1.3674950e+02 -2.5076833e+00  3.1488462e+01
  3.2359526e-01  2.0158728e+01  1.6210172e+00  1.3566601e+01
  5.8904109e+00  9.3630438e+00  6.3651581e+00  1.3316301e+01
  5.1505346e+00]",4,3266,Caracal Carcal,,Adult,growl
0.07898760586977005,0.009900888428092003,8910.666666666666,1006.3333333333334,2,"[-3.1620636e+02  9.6841537e+01 -4.5902424e+00  2.2984257e+01
  3.4470601e+00  1.1289506e+01 -2.5654180e+00  1.2676155e+01
  2.6406875e-01  1.2549929e+01  7.4135480e+00  1.6199558e+01
  4.1661625e+00]",3,6745,Caracal Carcal,,Adult,hiss
0.048975277692079544,0.007401798851788044,2646.428571428571,177.14285714285714,3,"[-405.91434    141.1327      -9.33408     31.91165      2.1264749
   20.6619       1.1452322   11.000692    10.897019    14.881668
    7.4316697   17.374598     6.1001716]",7,4960,Caracal Carcal,,Adult,growl
0.1207638755440712,0.005543398205190897,1340.75,123.5,1,"[-4.24061188e+02  1.17940071e+02  5.08777571e+00  2.73018093e+01
  3.86037564e+00  1.94394703e+01  4.04275537e-01  1.15339775e+01
  5.90618944e+00  1.11656599e+01  8.90810204e+00  1.58518333e+01
  1.73394954e+00]",4,4294,Caracal Carcal,,Adult,hiss
0.1663498729467392,0.013285846449434757,3337.9999999999995,235.14285714285714,2,"[-367.3017     157.64062     -3.354129    28.925447    10.95817
   21.337208     5.8147926   11.975443     3.5909383    6.967589
    2.0387206    3.504572    -0.4342386]",7,4232,Caracal Carcal,,Adult,growl
0.12027133256196976,0.013495678082108498,7275.999999999999,786.0,14,"[-3.1841299e+02  1.2356548e+02 -5.1561551e+00  2.3840097e+01
 -2.8747329e-01  1.1850945e+01 -2.0357389e+00  9.8123674e+00
  2.0352867e+00  1.0794145e+01  1.4087608e+00  8.9574432e+00
 -2.9211247e+00]",3,4657,Caracal Carcal,,Adult,hiss
0.19953545928001404,0.011566254310309887,2375.5058699279075,185.62594707115855,3,"[-393.92337     151.68779       0.75609946   26.19008       8.721559
   17.339945      5.3225384     6.0635376    10.694229      7.5691915
    5.9727817     8.062567      2.1722338 ]",6,3525,Caracal Carcal,,Adult,growl
0.6113092303276062,0.024189060553908348,9048.75,1088.0,19,"[-2.4039864e+02  1.0593458e+02 -1.5293548e+01  9.8770552e+00
 -5.2539964e+00  1.7205490e+01 -1.1235023e+01  1.7232038e+01
 -8.1737127e+00  2.0103760e+00 -7.7860042e-02 -3.8846214e+00
 -4.6940465e+00]",4,9474,Caracal Carcal,,,growl
0.41283002495765686,0.031145459040999413,10498.0,1978.5,35,"[-180.8561      95.79502    -13.940241    -4.6524806    1.0157713
   17.715837   -16.480036    10.9182825  -11.5229225    6.463883
    1.5095084    2.9914005   -6.407272 ]",4,13375,Caracal Carcal,,,growl
0.9122971892356873,0.01697046309709549,10485.0,1520.5,8,"[-238.82587     80.02883     -4.7237473    3.0351384    8.399304
   19.285398   -18.262026    11.339856    -6.0775275    8.354919
    3.091647     6.0813103   -3.880406 ]",4,13293,Caracal Carcal,,,growl
0.37474438548088074,0.020195290446281433,10336.400000000001,1273.4,5,"[-236.63469     89.48556     -7.6237326    7.5853066   11.435309
   20.886654   -13.797527    12.968574    -2.4152238   10.548346
    3.787582     4.3295283   -4.729069 ]",5,12837,Caracal Carcal,,,growl
0.6153396368026733,0.0161585696041584,7789.5,950.0,14,"[-245.02492     86.793884   -16.085552     9.852869    -2.239989
   25.257318    -7.9409304   11.254001    -3.0293384   10.793528
    6.337841     0.8758239   -4.802013 ]",2,4709,Caracal Carcal,,,growl
0.9807187914848328,0.05212434381246567,10669.6,1750.2,30,"[-175.50554     90.34368      5.78278      6.1823263    4.5488873
   15.898609   -12.539485     9.617013   -12.549269     6.9508815
    1.7891906    6.136502    -5.1568217]",5,14990,Caracal Carcal,,,growl
0.707573652267456,0.04190603643655777,10485.400000000001,1520.4,25,"[-180.23984    119.98407      1.8528174   -3.1888547   -2.7249286
   20.13831    -17.23172      7.5682635  -12.804899     4.772
    6.9950886    7.3468313   -8.588727 ]",5,11567,Caracal Carcal,,,growl
0.7177769541740417,0.031497348099946976,10325.25,1092.75,20,"[-208.85956    114.486115    -3.152738     2.482459     2.011233
   13.516532   -15.162104     8.108364    -7.238858    -3.736397
   -2.562322     5.60712     -0.5336116]",4,7959,Caracal Carcal,,,growl
0.9052039384841919,0.026470718905329704,10145.0,924.3333333333334,12,"[-225.15607     114.20646       9.944166      8.170702      6.1215086
   27.4419      -14.795705     10.003381    -10.680426     -1.1230319
   -0.31682804    3.8630488     0.6509369 ]",3,4408,Caracal Carcal,,,growl
0.8226118087768555,0.028408166021108627,9947.0,790.2,17,"[-2.4155028e+02  1.2083129e+02  8.5700762e-01  9.6107130e+00
 -2.1561120e-01  2.2561352e+01 -9.9542103e+00  1.1669438e+01
 -9.6276417e+00 -1.0110044e+00  1.8794073e+00  5.9520917e+00
 -5.7602730e+00]",5,8720,Caracal Carcal,,,growl
0.17563961446285248,0.017332952469587326,7086.666666666666,487.0,6,"[-297.80914    120.18989     11.8555      18.803028     7.6923013
   31.740177   -12.263494    11.571508    -7.665695     8.677529
    1.4001667    4.0607367   -4.622576 ]",3,3488,Caracal Carcal,,,growl
0.4784958064556122,0.019635917618870735,10452.0,2043.0,79,"[-3.0688855e+02  4.2077358e+01 -2.4912474e+01  4.5208717e+01
 -2.4487406e-01  8.2412004e-01 -8.6674280e+00  6.4707189e+00
 -9.2386160e+00 -3.6342120e+00 -5.6312690e+00  3.1252572e-01
 -7.3927200e-01]",3,16012,Caracal Carcal,,,Hiss
0.12255167216062546,0.01751198247075081,1839.1509433962262,254.71698113207546,4,"[-3.8312357e+02  1.3334433e+02  3.9733604e+01  5.0102947e+01
  1.3119788e+01  1.4399421e+01 -3.1977421e-01  7.1990162e-01
 -1.0066425e+01 -1.6746848e+00 -7.6005797e+00  2.2050951e+00
 -1.4495912e+01]",3,2039,Caracal Carcal,,,Growl
0.4003497362136841,0.018235966563224792,8998.5,2128.5,12,"[-240.15814     61.22448    -16.54626     29.97286     -4.5674515
   11.941602    -5.407546    11.80225     -6.3428345   -9.097493
   -4.718991     5.689028    -7.348948 ]",2,8306,Caracal Carcal,,,Hiss
0.09785092622041702,0.009189500473439693,1385.6382978723402,156.91489361702128,5,"[-449.8808      138.97327      36.6233       44.48108      17.571898
   18.873043      1.476153     -2.1850846   -13.411106     -0.52921665
    2.1502116     1.038596    -13.037538  ]",4,2931,Caracal Carcal,,,Growl
0.11926142126321793,0.017174379900097847,2418.0,304.0,6,"[-355.85873    157.01044     14.646011     7.230894    31.716362
   -3.6641982   -6.568382    -1.417367    14.153815    10.427666
    6.79675      9.526003     6.199097 ]",2,1487,L. lynx,,,growl
0.29581931233406067,0.04127533361315727,3926.8,473.4,16,"[-305.19495    168.33577     15.907979     6.169884    24.364412
   11.744448    15.23821     12.721412    13.043146     5.6172657
   -1.8677293    3.872357     3.3262815]",5,3169,L. lynx,,,
0.28253236413002014,0.03533342853188515,5322.700000000001,579.2,21,"[-325.0845     173.88127     10.871786     1.9030429   26.566402
    8.290063     4.370854     6.6383595   16.645252     2.3188446
    1.3617433    4.6424427    1.660881 ]",10,8893,L. lynx,,,call?
0.13766241073608398,0.021431464701890945,1490.5,229.0,3,"[-389.30518    162.20361     55.14341     10.889899    24.4428
    6.3738675   -0.8644573   -7.013212     5.660397     4.1021986
    9.730655    13.610402     7.353855 ]",2,1098,L. lynx,,,growl
0.18001395463943481,0.03121255896985531,2125.75,357.25,9,"[-348.05994    166.51517     41.402077    -1.5524994   30.831348
   23.273386    11.246787    -6.4706974    2.911605     3.5763242
    3.5490909    5.739575     4.8341107]",4,2203,L. lynx,,,call?
0.1646418273448944,0.03269678354263306,2171.5,317.0,5,"[-3.3470868e+02  1.6745950e+02  5.0892792e+01  9.8789793e-01
  2.3288725e+01  1.2547202e+01  9.6884260e+00 -1.4903866e+00
  4.0854015e+00 -3.4098058e+00  3.2124680e-01  8.0114040e+00
  5.0142937e+00]",2,1085,L. lynx,,,call?
0.1976022869348526,0.02414828911423683,2209.75,232.0,5,"[-351.93396    146.83687     49.25239      7.19224     22.468622
    8.933077    13.167099     4.534038    10.0412445    2.1342983
    1.1410049    5.4688916    7.311103 ]",4,2023,L. lynx,,,
0.2381526380777359,0.02539932169020176,2304.0,365.0,7,"[-3.1363412e+02  1.5752451e+02  3.4718842e+01  1.4506707e-01
  2.6533997e+01  5.2680826e+00 -2.2225642e+00 -9.3054972e+00
  1.9057341e+00  1.9836965e+00  5.0072188e+00  9.2727413e+00
  4.4696884e+00]",2,1918,L. lynx,,,call?
0.12789839506149292,0.012993769720196724,2286.333333333333,285.0,3,"[-372.07126    139.32404     35.03284      3.498023    21.642288
   11.3263      10.370121    -5.650383    -4.0279965   -3.458298
    8.490498    14.697089     5.4527955]",3,2491,L. lynx,,,growl
0.2887725532054901,0.0217179823666811,4123.5,524.75,11,"[-306.95895    134.64485      8.057292     9.896644    11.899043
   -3.2843952    5.739591    -1.8933443    9.678671     8.807387
    3.4868805    1.9121884    1.9985285]",4,5102,L. lynx,P,Adult,roar
0.2415996789932251,0.03202349692583084,2330.0,266.0,4,"[-312.79828     157.88568      31.959574     14.135728     15.55018
    2.7863784     8.187461      0.5191112     6.097388      4.1063814
   -0.67021847    2.422586     -1.0722101 ]",2,1371,L. lynx,P,Adult,growl
0.2951262593269348,0.03053906001150608,3503.75,370.0,14,"[-296.89532    156.80917     29.455912    10.292449     9.2779875
   -1.9259247    7.9345627    3.0846155    3.9617677    1.0680058
    4.1150265    4.10981     -1.9347031]",4,3462,L. lynx,P,Adult,call?
0.22093208134174347,0.022034859284758568,3381.5,658.0,13,"[-2.6370053e+02  1.4468016e+02 -1.2267876e+01  3.1751590e+00
  5.9516287e+00 -5.9743686e+00  1.4129560e+01  1.0799400e+01
  1.3856594e+01  5.0708818e+00 -2.3065298e+00 -1.0509629e-01
 -9.5447206e-01]",2,2822,L. lynx,P,Adult,call?
0.15127718448638916,0.019841114059090614,3627.0,714.5,10,"[-2.6168491e+02  1.4033646e+02 -8.3971834e+00  8.4557314e+00
  3.1503022e+00 -8.5867348e+00  9.2732773e+00  5.2096615e+00
  1.0923274e+01  1.1193091e+01  2.5331151e+00 -8.1185788e-02
  2.7551234e+00]",2,2811,L. lynx,P,Adult,call?
0.3795062303543091,0.07329648733139038,4256.5,586.5,18,"[-218.00438    183.92995    -18.936108    15.931453     1.159474
   -3.2550013    3.2601       1.9155627    7.275148     8.623483
    6.227805     2.1294267    2.0773377]",2,2002,L. lynx,P,Adult,call
0.05115654319524765,0.00772988423705101,1083.0,143.33333333333334,2,"[-434.11627    150.8374      22.044144    20.186954    18.223679
    4.43793      7.0866485    1.9612899    6.1350117    1.2653944
   -0.5338241    4.038454     0.4824589]",3,2037,L. lynx,P,Adult,growl
0.21407979726791382,0.028513217344880104,3737.0,443.0,16,"[-311.94553    180.16675      4.3286037   13.752752     9.652313
   -2.0987213    0.6290036   -8.872803    -0.6708097    1.2291466
    6.299957     8.115854    -3.3558595]",6,4790,L. lynx,P,Adult,roar or call
0.14172352850437164,0.027248622849583626,2843.75,424.5,13,"[-325.5307     182.0923      11.112314    17.756647    16.462433
    0.9482563   -1.535396    -9.419177    -4.308443    -1.9993216
    1.8517689    3.7163522   -3.7778337]",4,2893,L. lynx,P,Adult,call
0.15295174717903137,0.02156212367117405,1971.5,308.0,4,"[-3.5256152e+02  1.6028387e+02  3.2736717e+01  2.1526762e+01
  9.1648540e+00  2.1467123e-02  1.2071152e+01 -9.9598303e-02
 -1.4729644e+00 -7.1594405e+00 -1.2979536e+01 -4.3471074e+00
 -1.0893161e+00]",2,1427,L. lynx,P,Adult,growl
0.34209340810775757,0.02474883571267128,4172.25,366.5833333333333,19,"[-3.1860266e+02  1.5605815e+02  2.1936405e+01  1.9620705e+01
  6.5479927e+00 -1.8162344e+00  5.5452275e+00 -4.3726206e-01
  4.2072339e+00  1.3196640e-01 -6.8382776e-01  4.5124950e+00
 -3.4452805e-01]",12,9537,L. lynx,P,Adult,call
0.17863288521766663,0.031063392758369446,2217.0,395.0,5,"[-2.9580234e+02  1.5902721e+02  2.5903904e+01  2.3845419e+01
  9.2457361e+00  3.0101259e+00  1.9368948e+00 -2.1443236e+00
  1.6321974e+00 -5.7608137e+00 -1.1481004e+01  1.2460985e-01
 -1.5439990e+00]",2,1520,L. lynx,P,Adult,
0.36422237753868103,0.03899861499667168,4357.000000000001,377.7,23,"[-284.81534    158.81133     21.364342    21.44473      9.448604
   -1.0689439    6.6418853    3.4611354    7.317382     4.815224
    2.3264265    3.6672502   -2.2810996]",10,6511,L. lynx,P,Adult,roar or call
0.298295259475708,0.030886175110936165,2623.25,349.25,13,"[-297.1339     166.38643     22.667463    16.628489    10.166223
    2.4429135    7.2533135    1.4245025    3.482894    -2.2108686
   -3.8809955    5.081695    -3.5634007]",4,2949,L. lynx,P,Adult,call
0.31315872073173523,0.0409538671374321,4756.533333333333,423.8666666666667,38,"[-278.92545     174.30812      15.06829      15.308588     14.784104
    2.1636949     2.5808387    -4.785145     -2.7208962    -4.2005653
   -0.37202948    6.239096     -1.0799015 ]",15,10950,L. lynx,P,Adult,call
0.1254730075597763,0.024863608181476593,1069.0,310.0,1,"[-329.11023    148.9148      36.43907     25.649748    12.544855
    2.9230287    5.4295325    5.3216577    4.52272     -9.413555
  -16.44202     -1.4540519   -6.4495525]",1,659,L. lynx,P,Adult,growl
0.1686648577451706,0.024120396003127098,3337.0,365.5,3,"[-3.0506613e+02  1.4069106e+02  1.4008080e+01  3.2435158e+01
  2.0777044e+01  7.6399555e+00  8.4996777e+00  1.0957575e+00
  3.4219027e+00  2.6768669e-01 -5.4273424e+00  7.0452291e-01
 -3.0512984e+00]",2,1576,L. lynx,P,Adult,growl
0.2914595305919647,0.03147948160767555,3727.0,386.3333333333333,29,"[-3.1368533e+02  1.5862343e+02  2.5211491e+01  1.4425467e+01
  9.0880594e+00  2.9735529e-01  2.7295322e+00 -4.9195156e+00
 -1.8992141e+00 -4.1681924e+00 -6.9161075e-01  4.3644166e+00
 -2.3666015e+00]",9,7508,L. lynx,P,Adult,call
0.16426223516464233,0.02747679315507412,4806.5,922.5,9,"[-224.46346    132.56079     -4.569104    22.880692   -14.237184
   -0.5806922   -7.882031   -18.253832   -11.144957     6.969622
   -8.858729     3.4282918   -7.716066 ]",2,3015,L. lynx,G,Juvenile,call
0.23757167160511017,0.033657900989055634,10190.0,1212.0,21,"[-210.05054     109.79514      13.061619     23.286858    -16.311287
    4.3375106    -3.5405848   -11.082082    -12.068675      5.912501
   -7.5113583     0.74296564   -7.631548  ]",7,15203,L. lynx,G,Juvenile,growl?
0.1834886074066162,0.01677052676677704,10205.615384615385,769.1538461538462,11,"[-260.2713     105.13805     23.371561    19.186893    -9.771563
    1.7820013   -4.8892455   -4.04396     -8.31926      5.664514
   -7.857972     1.770757    -4.960569 ]",13,24416,L. lynx,G,Juvenile,growl?
0.15085697174072266,0.01504866685718298,5585.428571428572,701.7142857142857,13,"[-2.82455658e+02  1.23579468e+02  1.10272665e+01  1.89714794e+01
 -1.38312321e+01  6.56952810e+00 -3.02127153e-01 -9.19765568e+00
 -1.11191235e+01  6.03763103e+00 -6.66295958e+00 -1.58573076e-01
 -7.79014397e+00]",7,12043,L. lynx,G,Juvenile,growl 
0.05767155811190605,0.0054124267771840096,1572.8333333333333,215.33333333333334,0,"[-4.9844659e+02  1.7741000e+02  2.6846104e+01  4.0444515e+01
  3.2128501e+00  1.3273923e+00 -2.7986567e+00 -1.7247520e+01
 -1.1676824e+01  2.3942795e+00 -5.4606562e+00  3.3084270e-01
 -3.8959582e+00]",12,9230,L. lynx,P,Adult,growl
0.05401751771569252,0.008042878471314907,873.6666666666666,270.5,1,"[-5.0505356e+02  1.8720767e+02  4.2446762e+01  5.3897488e+01
  1.3145172e+01  4.6808343e+00  2.6788414e+00 -1.6787949e+01
 -1.4870204e+01 -3.3596904e+00 -1.3059018e+01  3.5799628e-01
 -4.0328841e+00]",6,3886,L. lynx,P,Adult,growl
0.042043380439281464,0.008220535703003407,705.6666666666666,318.6666666666667,2,"[-5.0112115e+02  1.8117513e+02  4.4993759e+01  5.1743996e+01
  9.5857430e+00  1.4670299e+00  1.0433704e+00 -2.0484558e+01
 -1.9356901e+01 -1.0896623e+01 -1.6443171e+01 -2.1543880e+00
 -9.3935981e-02]",3,2129,L. lynx,P,Adult,growl
0.1667926162481308,0.01930815726518631,2281.5,412.0,6,"[-394.28903    184.40315      4.5326133   25.75175      4.915637
  -12.911903    -8.766385   -13.142098    -7.543259    -2.9389205
   -5.208393    -5.9069657   -5.9284782]",2,1898,L. lynx,P,Adult,roar?
0.024318793788552284,0.002866097493097186,664.5,129.5,0,"[-443.81         85.477165     29.853533     41.405087     11.712473
   14.085551      6.4531417     4.9259005   -14.0499115     4.956631
   -0.64801866    5.0539813   -12.832064  ]",2,3768,L. lynx,,Juvenile,growl
0.016392741352319717,0.0030142832547426224,490.20000000000005,107.4,0,"[-4.9264938e+02  1.1240601e+02  1.8247770e+01  5.6170559e+01
  7.5686426e+00  2.0156460e+01  1.3869405e+01  3.1538208e+00
 -7.5130706e+00 -5.6378875e+00  3.8723558e-02  1.6720285e+00
 -1.1227611e+01]",5,6088,L. lynx,,Juvenile,growl
0.0227158535271883,0.0028958958573639393,3381.0,311.5,0,"[-4.8101486e+02  8.6788383e+01  2.9439223e+00  9.2711624e+01
  4.9541373e+00  7.8196573e+00  2.2303135e+01  3.0369554e+00
 -9.5283642e+00 -3.0652833e+00  8.7156267e+00 -2.5230399e-01
 -1.3694357e+01]",2,5386,L. lynx,,Juvenile,growl
0.037160951644182205,0.003763523418456316,5163.333333333333,825.6666666666666,0,"[-442.4273       66.39272       0.53186697   92.69656     -12.334306
    8.7649355    22.57579       3.8842502   -11.473382      1.5525267
    4.1066365     1.9277198    -6.864214  ]",6,23828,L. lynx,,Juvenile,growl
0.06617468595504761,0.004299583379179239,771.0,157.75,2,"[-453.35458    121.994514    16.66553     42.25625      6.845061
   17.123158     2.2358065   -2.981647    -9.250378     1.635619
   -5.8926005   -6.3720202   -6.834124 ]",4,4654,L. lynx,,Juvenile,hiss
0.0693323016166687,0.004723616875708103,954.8000000000001,138.5,0,"[-4.7742856e+02  1.2949905e+02  2.3788744e+01  5.2150818e+01
  6.5672050e+00  1.6341160e+01  8.7132711e+00 -3.5247295e+00
 -1.1732222e+01  2.7958152e-01 -1.5699449e+00 -8.1927166e+00
 -8.7258921e+00]",10,10300,L. lynx,,Juvenile,growl
0.24900059401988983,0.045011721551418304,2533.3333333333335,224.0,5,"[-316.85565    154.14919     30.839005    33.73888     22.832737
   16.921682     2.8554263    9.790111     5.072119     4.3281393
    0.7144711    0.9880423   -2.5901108]",3,1332,L. lynx,Female,Adult,call?
0.11610384285449982,0.021107932552695274,2046.4,171.6,5,"[-376.77127    160.08673     24.734102    35.775604    26.41671
   15.970756     6.3770576   13.509241     5.8519797    8.437256
   -1.7508705    2.368714    -1.6177987]",5,2103,L. lynx,Female,Adult,growl
0.11875046789646149,0.028752464801073074,1740.6666666666665,173.33333333333334,4,"[-372.27246    175.18275     23.940945    38.006664    25.002638
   18.359045     8.815644    12.41631      3.8933015    3.749726
   -2.362319     3.6359544   -2.4474626]",3,1046,L. lynx,Female,Adult,growl
0.05220199376344681,0.010574907064437866,764.0,157.0,0,"[-414.50372    173.69075      7.4235306   27.471735    15.00201
    8.890593     6.1399856    9.805436     4.2992625    8.428017
   -1.0532403    6.928561     1.7392601]",1,427,L. lynx,Female,Adult,roar
0.12934252619743347,0.03027808852493763,1948.6,172.0,6,"[-385.9317      182.16612      21.624014     38.882244     28.999413
   16.674345     12.929846     12.05801       2.798738      4.2505126
   -1.4481298     0.81930923   -2.8344545 ]",5,1756,L. lynx,Female,Adult,growl
0.1256982386112213,0.023927122354507446,2113.833333333333,156.66666666666666,4,"[-3.8506290e+02  1.7268117e+02  1.4999027e+01  3.6639309e+01
  2.7675699e+01  1.9689455e+01  1.1762694e+01  1.3854892e+01
  5.1203613e+00  5.7125278e+00  1.9836141e-01  4.0683160e+00
 -1.8394575e+00]",6,2094,L. lynx,Female,Adult,growl
0.11461205780506134,0.026859784498810768,1941.4,154.2,5,"[-388.15546     185.63927      16.160408     32.344135     27.955412
   20.034111     10.810719     13.919881      6.2951703     6.9106264
    0.61281586    2.740326     -1.2012585 ]",5,1645,L. lynx,Female,Adult,growl
0.1726590394973755,0.04008845239877701,2831.7142857142853,209.42857142857142,6,"[-342.27524    191.87352      7.0284886   29.301971    21.19031
   15.116606     8.285417    12.131243     7.552201     8.229069
    3.3281364    4.332553     2.4095879]",7,2204,L. lynx,Female,Adult,growl
0.22387246787548065,0.043898437172174454,3387.625,224.125,14,"[-324.02853     179.952         8.616851     37.2735       22.524452
   15.242585      9.71104       8.859095      4.4955664     7.1712856
    1.1150817     1.2974609    -0.66698545]",8,3109,L. lynx,Female,Adult,growl
0.26241955161094666,0.09827879071235657,2357.5,230.0,6,"[-277.7397     193.36838     46.313225    28.50175     24.205898
   10.471442     3.245586     9.310803    -3.0914843   -3.3332562
   -2.2125194   -3.4852908   -7.842788 ]",2,829,L. lynx,Female,Adult,growl
0.18110565841197968,0.05950653925538063,1494.3333333333333,163.66666666666666,6,"[-3.5741287e+02  1.7416267e+02  5.8670631e+01  3.4054935e+01
  2.5384115e+01  2.0700747e+01  1.3476616e+00  9.8343019e+00
 -4.6159598e-01 -1.0569963e-01  3.8455491e+00 -2.6778290e-01
 -3.7475297e+00]",3,950,L. lynx,Female,Adult,growl
0.15953268110752106,0.04095301032066345,1015.0,168.33333333333334,4,"[-4.1068539e+02  1.7980820e+02  5.9777668e+01  3.9601917e+01
  2.6233049e+01  1.9039909e+01  3.9052079e+00  6.6919689e+00
  3.2685059e-01 -3.9942744e+00 -1.0168256e+00 -4.2285581e+00
 -3.9798207e+00]",3,943,L. lynx,Female,Adult,growl
0.12197676301002502,0.0234722550958395,1953.4,221.0,8,"[-372.8834     189.2475      14.595073    43.12114     23.533085
   13.4107685    9.566425     4.517579    -1.9620314    3.4969594
  -10.071101    -3.779601    -6.135455 ]",5,2418,L. lynx,Female,Adult,growl
0.03123415820300579,0.0072709652595222,539.0,92.0,0,"[-4.4500769e+02  1.5884666e+02  9.8843498e+00  2.1665815e+01
  1.4081626e+01  1.1491675e+01  9.7659264e+00  1.0415759e+01
  1.5451107e+00  1.1036514e+01  1.6097149e-01  6.9255495e+00
  9.4825929e-01]",1,480,L. lynx,Female,Adult,roar
0.09897744655609131,0.01985948719084263,1335.0000000000002,229.6,10,"[-420.7554     182.57863     34.84507     47.17637     28.889345
   11.834862     9.555493     3.949827    -8.465493    -1.4074509
  -12.92605     -6.1599507   -6.3482037]",5,2403,L. lynx,Female,Adult,growl
0.1240592747926712,0.02303479053080082,1192.0,193.25,7,"[-4.0641220e+02  1.7420215e+02  3.6570782e+01  4.9587292e+01
  2.8894615e+01  1.7181112e+01  1.2722221e+01  8.9231110e+00
 -3.9888010e+00  2.1462396e-01 -8.2008629e+00 -4.1824555e+00
 -3.9586735e+00]",4,1583,L. lynx,Female,Adult,growl
0.12194523960351944,0.019615819677710533,1402.7142857142856,163.42857142857142,11,"[-4.0918228e+02  1.7518181e+02  3.0662672e+01  4.1961029e+01
  2.6639889e+01  1.2659780e+01  1.4260112e+01  7.3530450e+00
  8.8087505e-01  4.0279355e+00 -4.4538913e+00  5.3027892e-01
  1.0459835e-01]",7,2500,L. lynx,Female,Adult,growl
0.06921271234750748,0.013324104249477386,1005.6666666666666,156.33333333333334,5,"[-4.3601175e+02  1.7556575e+02  3.1208527e+01  4.0512291e+01
  3.0762114e+01  1.5284669e+01  6.8575697e+00  1.0138416e+01
 -1.4713509e-01  2.7806902e+00 -5.5829206e+00 -1.6886212e+00
 -5.3058548e+00]",3,1099,L. lynx,Female,Adult,growl
0.5756966471672058,0.02816927805542946,9554.5,901.125,6,"[-273.90857     89.337425     9.923361    34.635075    -0.6831062
   25.100351     4.677617    12.668671     3.2696352   11.898507
   10.002716    12.431737    -2.8915732]",8,11972,L. lynx,M,Adult,
0.35679274797439575,0.033504169434309006,6643.1,498.8,4,"[-283.47064    106.590614     6.7319303   35.350456    -1.8407909
   25.214722     5.2618685   15.468827    11.479424    22.3676
   18.566425    11.772142    -8.925626 ]",10,8465,L. lynx,M,Adult,growl
0.4748019576072693,0.02939608506858349,5986.5,201.9,6,"[-356.4446     101.64078     14.522996    40.296722     5.425114
   28.52497      9.689542    12.272659     5.747843     8.937944
   10.214664    12.936368     1.9092624]",10,9101,L. lynx,M,Adult,growl
0.5604346990585327,0.03914102166891098,9215.470588235294,356.94117647058823,11,"[-297.69058    113.97696     13.169775    36.03782      1.5297058
   27.245844    10.419741    12.995952     7.252312     9.886928
   13.077291    12.197454     0.9979276]",17,11444,L. lynx,M,Adult,growl
0.1807130128145218,0.019282996654510498,6813.142857142857,459.14285714285717,7,"[-311.65674    131.56154     -0.7091099   33.256218    -3.2059345
   22.678022     8.070293    12.451611     2.10534      7.604242
    9.700659    12.479021    -5.136757 ]",14,12928,L. lynx,M,Adult,growl
0.30550599098205566,0.03941262140870094,5590.0,419.25,7,"[-2.77811584e+02  1.19056313e+02  8.12396908e+00  4.21512489e+01
 -3.71780634e+00  2.88166523e+01  7.57088709e+00  1.59361095e+01
  3.92965364e+00  1.01285648e+01  4.35528755e+00  1.18964815e+01
 -8.96351561e-02]",4,2865,L. lynx,M,Adult,growl
0.21439939737319946,0.026665130630135536,2231.25,182.75,10,"[-401.20316     177.36559      31.07702      46.12931      34.360054
   19.966112      6.406319      2.6350358     4.7129297     0.65202624
   -4.3442473    -3.7402499    -6.2096243 ]",8,3241,L. lynx,,Adult,growl
0.13748149573802948,0.015708083286881447,4052.0,1195.0,7,"[-242.7252     118.299164   -26.393353    15.103918    -7.6121287
   23.93208    -10.653271     1.1355761  -11.7007       4.1556554
   -8.650524    -5.349114    -7.321231 ]",1,2342,L. lynx,Female,Adult,growl
0.2507239580154419,0.021139618009328842,6427.0,1787.0,6,"[-2.8094061e+02  9.9315849e+01  4.8900744e-01  2.8806177e+01
 -1.2456368e+01  2.0605314e+01 -1.0161759e+01  9.5392952e+00
  1.5054229e+00 -1.1058125e+00 -1.9908156e-01 -3.5618834e+00
 -7.3459640e+00]",1,3544,L. lynx,Male,Adult,roar
0.12162694334983826,0.013095774687826633,1877.0,339.0,2,"[-338.6105     153.826       -1.3297479   24.517984    12.544031
   16.817991     1.0388765    6.3647904   -2.1418233    3.8301256
   -6.1476502   -1.0074972   -9.263525 ]",2,1927,L. lynx,Male,Adult,growl
0.3971322476863861,0.024047082290053368,8012.5,867.5,9,"[-256.99722    124.53785     -1.0579518   26.964464    -4.73201
   12.5471945   -3.0122137    8.3436575   -6.7433395    7.988331
   -6.8240924    1.6769458   -9.453179 ]",2,4281,L. lynx,Male,Adult,
0.13782329857349396,0.015745380893349648,7593.0,460.0,7,"[-3.24649017e+02  1.45453934e+02  1.01167145e+01  2.83923817e+01
  7.20268440e+00  1.98651752e+01  1.37813255e-01  8.10181904e+00
 -3.10788226e+00  1.82240307e+00 -5.78537989e+00 -3.86074471e+00
 -9.73590565e+00]",6,7165,L. lynx,Male,Adult,growl
0.4837760925292969,0.05866888538002968,10177.0,1832.0,25,"[-1.9298656e+02  1.0339726e+02 -7.6894670e+00  1.7074577e+01
 -4.8965716e+00  9.9961672e+00 -9.3391275e+00  5.9786167e+00
 -5.4904022e+00 -8.6679500e-01 -7.5405259e+00 -1.2512584e-01
 -9.7786608e+00]",1,3351,L. lynx,Male,Adult,roar
0.2681176960468292,0.021064244210720062,9932.6,1280.0,16,"[-2.4259862e+02  1.2291049e+02 -9.3390064e+00  1.8463314e+01
 -9.0305262e+00  1.5728735e+01 -6.1813998e+00  5.2006488e+00
 -3.3254156e+00  2.5248199e+00 -5.6737370e+00  7.2577156e-02
 -5.2639813e+00]",5,11117,L. lynx,Male,Adult,call
0.19438666105270386,0.019691724330186844,6038.0,531.5,6,"[-297.2029     142.6224       3.50476     30.856123     6.819155
   21.32423     -1.0349183   11.257516    -2.1666918    1.2851841
   -3.1599193   -2.7921965   -9.933202 ]",4,4357,L. lynx,Male,Adult,growl
0.4257257580757141,0.02701261080801487,5938.0,1075.0,6,"[-223.72601     118.14987       0.27182487   25.783663      2.988653
   20.119774     -5.5404553     3.5416894   -12.090854      4.8311143
    1.7485043     1.3464996    -7.1404705 ]",1,1837,L. lynx,Male,Adult,roar?
0.37019363045692444,0.02372385933995247,9921.333333333334,733.0,13,"[-2.82363373e+02  1.25345261e+02  4.27354527e+00  2.94106464e+01
  1.10894814e+01  2.18462315e+01  1.20603174e-01  5.45279789e+00
 -5.49471378e+00  3.50649023e+00 -5.04656792e+00 -2.76943016e+00
 -9.37370682e+00]",6,7398,L. lynx,Male,Adult,growl
0.15535275638103485,0.024255529046058655,8035.0,559.0,5,"[-304.97867    155.64363      7.4532986   34.336998    10.382857
   18.222153     1.9454346    2.2036216   -8.973282     1.7580414
  -14.890869    -9.938689   -11.12039  ]",3,2932,L. lynx,Male,Adult,growl
0.4789457321166992,0.058408673852682114,9027.0,2318.0,13,"[-208.46938    116.47803      9.1872225   29.658587    -7.21076
   27.188139   -17.28085      1.3055285  -13.071375    -6.12952
    0.3257263  -12.681082    -2.178092 ]",1,3507,L. lynx,Male,Adult,roar?
0.17580421268939972,0.02283031865954399,6252.0,2280.0,6,"[-241.4334     111.40301     -9.432863    32.2077      -9.455873
   30.06214    -10.130523     9.504318    -8.527983    -1.7757487
    7.7592607  -11.764414     3.0119681]",1,4033,L. lynx,Male,Adult,roar?
0.1343613564968109,0.02282419428229332,2591.0,344.5,7,"[-300.70844    144.2067       9.937082    29.964922    17.522295
   23.824766     4.3815594    6.9684353   -3.6861305    2.2425146
   -8.343753    -4.788522   -12.408177 ]",4,2943,L. lynx,Male,Adult,growl
0.14216721057891846,0.018137872219085693,7535.833333333333,671.1666666666666,7,"[-301.75665     131.86882       9.419074     20.90279      10.730895
   26.785769     -1.6649294    10.885701     -0.96442795    2.5401926
   -2.8230863    -2.864864     -9.621443  ]",6,7657,L. lynx,Male,Adult,growl
0.5575371384620667,0.03656145557761192,10043.0,1772.0,27,"[-2.1539458e+02  7.3876648e+01 -8.8773899e+00  1.2916460e+01
  7.6923513e-01  1.1482848e+01  9.1366043e+00  5.6078110e+00
 -6.0857086e+00  1.5762487e-01 -1.1051261e+00  5.6666961e+00
 -4.9860115e+00]",2,6580,Bobcat,Male,Adult,main call
0.27439582347869873,0.024386633187532425,9287.0,1886.0,6,"[-198.18852     71.920334     3.1547837    8.827758     1.8645715
   13.050755     7.550105     6.0790477   -3.6829941    4.4960766
    2.309841     7.6324954   -4.6409593]",1,3231,Bobcat,Male,Adult,main call
0.2986423969268799,0.02134019136428833,10209.5,1706.5,8,"[-2.3776051e+02  6.8201843e+01  2.2478788e+00  8.2694874e+00
 -9.6818376e-01  1.1021807e+01  6.6492739e+00  7.9901686e+00
  5.7263035e-02  2.8160653e+00 -1.5485977e+00  4.2087216e+00
 -3.9096782e+00]",2,7050,Bobcat,Male,Adult,main call
0.3247317969799042,0.023570232093334198,9814.0,2002.0,9,"[-300.9531      24.372515   -16.753786    14.110389    -5.9142976
   10.264608     5.2639585   14.5711155    6.4257174    3.5584464
   -5.80246      2.7689028    2.6651566]",1,4493,Bobcat,Male,Adult,main call
0.6101908087730408,0.021799640730023384,10099.0,1929.0,11,"[-3.22360840e+02  1.88713894e+01 -1.23252430e+01  1.40277195e+01
 -3.43257785e+00  9.84202576e+00  4.29282284e+00  9.01844692e+00
 -7.26390898e-01 -2.31323421e-01 -1.82546842e+00  5.13481426e+00
 -9.17129070e-02]",2,10433,Bobcat,Male,Adult,main call
0.20358677208423615,0.0206432044506073,5337.0,1798.0,5,"[-2.5248244e+02  5.0527035e+01  2.5794752e+00  9.9873238e+00
 -7.1901369e+00  8.7244663e+00  7.7952113e+00  9.9578142e+00
 -6.0985614e-02 -1.8590192e+00 -9.5994501e+00  1.8560421e+00
  4.4380856e-01]",1,4484,Bobcat,Male,Adult,main call
0.09118945151567459,0.012633590959012508,9873.0,2932.0,6,"[-236.23584     36.54808      6.101201    20.33426     -6.702008
   12.805927     6.268828     7.493284     3.4178       3.5722146
   -2.8286474    5.911296     1.9665302]",1,6053,Bobcat,Male,Adult,main call
0.09700195491313934,0.011981352232396603,10065.285714285714,1417.142857142857,2,"[-2.7493372e+02  6.7048981e+01 -2.9682709e+01 -1.3587090e+00
  2.7961309e+00  1.5908576e+01 -5.7630210e+00  3.3686957e-01
 -2.2337255e+01 -1.0430711e+01 -1.4423946e+01 -1.5191773e-01
 -1.8213661e+01]",14,50145,Bobcat,Female,Adult,growl
0.10440008342266083,0.008149701170623302,10317.05882352941,1390.4705882352941,0,"[-288.76053     55.485863   -18.145136     7.5296726   -0.7298291
   12.736201    -7.7963076   -3.0108721  -17.317465   -13.004953
  -11.6482725   -2.3926327  -18.14704  ]",17,73062,Bobcat,Female,Adult,growl
0.196434885263443,0.009915612637996674,10324.25,2196.5,2,"[-258.24222     36.743977   -16.88975     10.439997    -5.5365624
    6.653885   -12.181403    -5.1270895  -15.351853    -7.7823057
   -8.975647    -1.3922223  -15.059949 ]",4,20696,Bobcat,Female,Adult,growl
0.09241792559623718,0.015643851831555367,2797.75,1178.5,7,"[-431.12897    148.61482    -41.816902     8.665577    33.6947
   16.779554     3.5384343    7.7483425   12.044451    11.651797
   -3.6384952    9.253406     5.795463 ]",4,9803,Ocelot,,Adult,main call
0.05440128222107887,0.009245718829333782,1140.8,191.0,4,"[-467.40793    200.13928     16.161753    13.764818     9.696528
    0.5341996    3.5780237   14.049668    13.369767     9.946376
    1.2293506    7.272791     1.689826 ]",5,2306,Ocelot,,Adult,growl
0.07289241999387741,0.006328501272946596,3838.9999999999995,293.85714285714283,2,"[-395.54092    106.807976    -5.938892    24.710512     6.08628
   10.375299   -19.155735    -3.7654722   -7.072412    -6.62902
  -19.464756    -4.2103443   -9.911914 ]",7,11985,Ocelot,Male,Adult,growl
0.033938873559236526,0.003423750400543213,2218.1428571428573,145.0,0,"[-451.0689      91.08756     11.761939    32.118565    18.221195
   20.116686   -23.646572     8.437323     7.466624     1.4820487
  -25.612495   -10.75513     -7.4779706]",7,12028,Ocelot,Male,Adult,growl
0.04401130974292755,0.0056809536181390285,5421.666666666666,235.16666666666666,4,"[-401.12204    89.32654    14.167275   30.568377   16.996      21.134623
  -24.612543    7.791871   10.029376    6.732053  -25.309614   -7.604307
  -10.219241]",6,12630,Ocelot,Male,Adult,growl
0.1719035655260086,0.005697561427950859,7227.25,281.5833333333333,0,"[-4.4212119e+02  9.3839127e+01  1.1645453e+01  2.2279751e+01
  1.9440836e+01  1.2807388e+01 -2.2155617e+01  5.8587098e+00
 -4.0347972e+00 -1.2903718e+00 -2.5162271e+01 -2.5260037e-01
 -1.0320494e+01]",12,19845,Ocelot,Male,Adult,growl
0.03693322092294693,0.006344955880194902,2302.125,254.5,2,"[-434.43787    113.08621      1.8905343   24.77911     22.72074
   14.412344   -23.597658    -2.2248318    7.4564753   -0.9055729
  -21.764696    -6.42534    -14.074844 ]",8,11623,Ocelot,Male,Adult,growl
0.08458424359560013,0.012530557811260223,8660.0,468.875,5,"[-362.94067     94.555534    25.883684    30.158846    10.05498
   17.431185   -46.58388      5.7627616    9.034849     1.5343792
  -30.321413   -12.278926   -14.819798 ]",8,10696,Ocelot,Male,Adult,growl
0.06510182470083237,0.010658171027898788,6801.777777777777,339.44444444444446,6,"[-390.90875    114.90498     18.90978     19.498323    10.471912
    8.147682   -42.471455     6.3420663    7.093326    -6.855898
  -34.162632   -12.203579   -16.91102  ]",9,12573,Ocelot,Male,Adult,growl
0.026366528123617172,0.0038615220692008734,2149.75,151.5,2,"[-442.92477     72.497025    23.417961    28.083685    18.434177
   18.27522    -19.139673     5.3427434    2.2715783   -2.374186
  -20.567307    -6.3797445   -6.2110887]",4,9924,Ocelot,Male,Adult,growl
0.03575468435883522,0.006474619265645742,3732.7000000000003,250.7,3,"[-428.17322     98.28777     12.486113    29.144201    14.597277
   15.861491   -22.07633     -3.5918622   -5.454805    -2.680126
  -29.2755     -11.130789   -12.035893 ]",10,11949,Ocelot,Male,Adult,growl
0.0653742253780365,0.007359572686254978,2149.1666666666665,272.8333333333333,5,"[-438.46158    122.294624    14.6977      16.41617      5.2887244
   -2.205756   -16.358126    -5.653354   -12.865252    -6.903983
  -23.334173    -6.768739   -12.361263 ]",12,18246,Ocelot,Male,Adult,growl
0.01595153659582138,0.0023003232199698687,499.49999999999994,94.66666666666667,0,"[-4.8766541e+02  1.0176693e+02  2.0810415e+01  2.5980389e+01
  1.7618614e+01  1.3969573e+01 -1.7409601e+01 -8.1639707e-02
  3.5199111e+00 -6.6918612e+00 -2.3128359e+01 -5.3648438e+00
 -8.5010967e+00]",6,8017,Ocelot,Male,Adult,growl
0.057439591735601425,0.005418839398771524,3889.7142857142853,352.57142857142856,1,"[-4.0147214e+02  1.0402397e+02 -3.5508314e-01  1.2023616e+01
  1.0448865e+01  1.4403827e+01 -2.6811462e+01 -4.4505682e+00
 -3.3056891e+00 -6.9751339e+00 -2.1570429e+01  1.6576297e+00
 -1.1102906e+01]",7,14418,Ocelot,Male,Adult,growl
0.08111859858036041,0.009956658817827702,4827.4,474.2,9,"[-363.2367     117.0754      -5.2315702    4.367948    -2.8101766
    6.97331    -23.128794   -11.598685   -11.24595     -9.141959
  -19.012972     4.8251195  -17.555794 ]",5,9091,Ocelot,Male,Adult,growl
0.07198353856801987,0.0064496733248233795,3901.2000000000003,531.4,5,"[-380.35208    104.188446   -21.40129      1.6702609   -2.6649685
    9.912123   -13.153381   -13.809071   -19.48863     -3.6953847
   -6.823112    10.573097   -18.064669 ]",5,14344,Ocelot,Male,Adult,growl
0.06491442024707794,0.0053193457424640656,3128.0,319.5,2,"[-417.30917    106.41228      1.440688    17.070745     3.6253998
    6.185745   -18.32582     -7.35185    -14.334231    -9.171329
  -15.757415    -1.7202436  -11.874796 ]",6,13812,Ocelot,Male,Adult,growl
0.11164463311433792,0.006981377024203539,2584.1666666666665,393.6666666666667,4,"[-379.7117     102.514885   -11.715712     8.42316     -1.3266758
    5.275548   -21.264246    -3.5284135   -6.806908    -5.5230823
  -13.637832    -1.014327   -14.139046 ]",6,15622,Ocelot,Male,Adult,growl
0.003206581575796008,0.0005509322509169579,1.0,0.0,0,"[-5.3188092e+02  7.2178444e+01  6.3173580e+00  1.2838052e+01
  4.5397677e+00  1.1418025e+01  2.0649815e-01  4.6917439e+00
 -2.3887455e+00  3.0886042e+00 -1.2166809e+00  4.1892867e+00
 -5.4987597e+00]",1,3611,Ocelot,Male,Adult,growl
0.04949432611465454,0.005848306231200695,2354.8,289.8,2,"[-400.52924     96.24881     -5.548427    11.009962     3.7293
   16.114424   -19.714546    -8.009317    -8.063401    -5.2080426
  -18.524685    -1.2930075  -14.2799635]",5,12457,Ocelot,Male,Adult,growl
0.060538437217473984,0.006454216782003641,4977.200000000001,410.8,1,"[-384.44925    111.13778     -8.178617     7.5289164    2.7005098
    2.7929864  -22.613531    -9.400591   -13.457368   -10.208631
  -17.205082     4.4623156  -15.652044 ]",10,22316,Ocelot,Male,Adult,growl
0.060357239097356796,0.006419271230697632,5437.6,340.0,3,"[-400.96585    105.46161      4.2347584   16.261429     9.534659
   12.632746   -23.860106    -4.3095994   -8.936021   -13.09658
  -22.29939     -1.5184615  -15.575861 ]",5,9455,Ocelot,Male,Adult,growl
0.06899295747280121,0.006938560400158167,4024.0,423.1666666666667,4,"[-371.50858    104.08016     -1.3551487    8.291077    -3.605871
    7.6632037  -23.572126   -11.0239525  -12.9246     -10.237497
  -16.592087     5.2021337  -16.059643 ]",6,17980,Ocelot,Male,Adult,growl
0.2022632360458374,0.02494814619421959,4718.0,876.5,14,"[-277.93903    110.04536    -35.39003      1.8177208  -23.985004
   -4.7440004  -12.159624   -23.090446   -25.65902     -5.4163733
   -5.898503    10.017595   -13.963454 ]",2,4829,Ocelot,Male,Adult,growl
0.10327121615409851,0.011317417956888676,4725.0,505.5,5,"[-362.6204     108.62176    -31.40329      6.973164   -13.782732
   -2.3734932  -20.106787   -17.457474   -13.721744    -2.3202674
   -3.512031     7.5503087  -12.314191 ]",4,10642,Ocelot,Male,Adult,growl
0.09190978854894638,0.008201990276575089,7606.384615384616,467.38461538461536,2,"[-363.51807     105.76522     -10.301131      8.41818      -6.6795807
    5.728941    -20.406929     -8.123238    -11.539265     -9.364324
  -20.880056      0.36677143  -14.902239  ]",13,27601,Ocelot,Male,Adult,growl
0.06668906658887863,0.007393036503344774,5400.8,365.8,4,"[-383.29102     97.162125    -3.3649933   13.079304     2.1790745
   13.7761965  -21.689085    -5.8747444  -10.172375    -7.0180182
  -18.435081    -1.58397    -14.48792  ]",5,11804,Ocelot,Male,Adult,growl
0.06492871046066284,0.00882269162684679,5434.25,397.0,5,"[-358.32144    103.85233      2.9538555    9.112463     3.0279055
   15.38038    -28.871065    -5.9067044   -8.822889   -13.552909
  -27.461185    -3.1803677  -16.289879 ]",4,6467,Ocelot,Male,Adult,growl
0.06212184578180313,0.007060708943754435,2671.8,410.4,2,"[-3.8755716e+02  1.0610936e+02 -1.0665183e+01  1.1132302e+01
  2.3558588e+00  1.0895119e+01 -2.0254738e+01 -9.5446119e+00
 -1.1615777e+01 -5.6800556e+00 -1.4967730e+01 -8.1123762e-02
 -1.2479261e+01]",5,12428,Ocelot,Male,Adult,growl
0.07265438884496689,0.009455610997974873,3839.4,511.2,3,"[-360.0984     117.19086    -18.103662     3.71061     -3.5078313
    6.697275   -24.388342   -17.495785   -17.311092    -9.800928
  -15.04752      3.8467524  -17.600306 ]",5,10131,Ocelot,Male,Adult,growl
0.04624778404831886,0.0061289058066904545,2376.0,318.1666666666667,4,"[-385.4478     101.45136     -6.969473    10.426879    -2.1461368
   11.374127   -22.217133    -7.0824876   -8.172693    -6.4377236
  -19.0949      -0.8151817  -10.808818 ]",6,15027,Ocelot,Male,Adult,growl
0.0522758848965168,0.00684894435107708,2392.5,340.0,4,"[-385.55167     110.409904      0.78145254   18.329485      5.4306192
    8.018363    -28.772127     -5.1040263    -6.0377126    -6.0988684
  -21.260452     -4.0574865   -15.189233  ]",4,7518,Ocelot,Male,Adult,growl
0.06270354986190796,0.007402900140732527,2330.8,296.2,5,"[-4.1589322e+02  1.2388480e+02  4.9092894e+00  1.2263991e+01
  8.9901285e+00  6.1808543e+00 -2.5461607e+01 -1.4248400e+01
 -1.9907366e+01 -1.1063642e+01 -1.6479799e+01 -2.4576159e-01
 -1.3297731e+01]",5,7102,Ocelot,Male,Adult,growl
0.09101173281669617,0.006033233366906643,3874.1666666666665,271.8333333333333,4,"[-418.4246     101.262184    -8.749017    12.988512     1.7721715
    8.999107   -13.427263    -3.1741197   -5.8584957   -1.6635563
  -11.626962     1.4050295   -7.6914225]",6,13770,Ocelot,Male,Adult,growl
0.1455378234386444,0.007591612637042999,8510.571428571428,404.2857142857143,7,"[-396.1644     108.05433    -15.351539     8.576164     1.438131
    7.8460937  -12.994787   -10.958944   -11.753833    -8.219584
  -16.850492     1.8322855  -12.168769 ]",7,15253,Ocelot,Male,Adult,growl
0.11009403318166733,0.0076086255721747875,3965.4,364.8,1,"[-3.9940619e+02  1.1111968e+02 -9.2456007e+00  8.4767618e+00
 -7.5581871e-02  6.0838404e+00 -1.2781004e+01 -1.0950417e+01
 -1.7628384e+01 -7.7095056e+00 -1.2646252e+01  3.5075715e+00
 -1.3662146e+01]",5,9557,Ocelot,Male,Adult,growl
0.13374774158000946,0.024868888780474663,2636.0,390.0,7,"[-344.22473     179.55096     -12.607153     46.66592      18.267323
   12.359366      9.339228      3.932873      2.4862268     5.6760716
    0.47997493    9.348965      1.8697921 ]",1,643,Ocelot,Male,Adult,main call
0.16196753084659576,0.028584172949194908,2880.5,388.0,9,"[-349.47076    183.88126     -1.6529456   49.861053    23.319344
   14.2792845    6.980335     3.8259494    1.1600564    2.1582556
   -2.4280262    5.5296593   -1.475063 ]",2,1224,Ocelot,Male,Adult,main call
0.2097105234861374,0.030067330226302147,3823.5,363.5,12,"[-3.4932944e+02  1.8654530e+02 -7.9250112e-03  4.7411827e+01
  2.2633615e+01  1.2958229e+01  7.5067840e+00  4.3395305e+00
  1.2851020e+00  4.8622913e+00 -1.5753952e+00  1.4488413e+00
 -2.3541150e+00]",2,1310,Ocelot,Male,Adult,main call
0.21334956586360931,0.0331813283264637,4040.0,487.5,12,"[-3.4733102e+02  1.7625052e+02 -4.4348068e+00  4.6602459e+01
  2.3955036e+01  2.1548363e+01  8.8600035e+00  7.4542804e+00
  5.4736018e+00  5.0194321e+00  1.8293133e+00  5.9239507e+00
 -3.3993316e-01]",2,1724,Ocelot,Male,Adult,main call
0.16761930286884308,0.026178985834121704,3139.0,556.0,13,"[-351.4118      174.85713     -19.265284     37.973366     23.560156
   16.976294     10.81955       1.975957      2.5674891    12.549235
    5.6137624     6.177824     -0.81597006]",2,2062,Ocelot,Male,Adult,main call
0.16761930286884308,0.023260995745658875,2790.0,435.0,8,"[-362.01114    174.85979    -14.945128    33.57438     24.911388
   20.316204     8.199106     2.9299996    3.378023    11.300995
    4.147524     5.6138873    2.1089551]",2,1600,Ocelot,Male,Adult,main call
0.15124070644378662,0.02098833955824375,2642.5,374.0,5,"[-367.3816     175.41249    -10.078303    35.80257     26.15232
   18.463434     5.5093045    3.2645671    2.662374     8.175822
    3.6238766    5.6452103    1.9547548]",2,1391,Ocelot,Male,Adult,main call
0.3061686158180237,0.0388203039765358,2764.5,342.5,8,"[-348.30948     199.02266       6.9218836    29.121357     16.002707
    5.6796165     4.4255376     6.6495066     3.5863392     2.5908313
   -1.819711      0.96354306   -0.9952167 ]",2,1261,Ocelot,Male,Adult,main call
0.19481995701789856,0.030792437493801117,3686.6666666666665,469.3333333333333,23,"[-361.61792     179.6759       -5.4068303    36.030003     25.537466
   16.822931      6.489486      2.5391288     6.790502     10.674536
   -0.70543724    2.9098957     2.5377796 ]",3,2505,Ocelot,Male,Adult,main call
0.17271952331066132,0.021533798426389694,3422.5,479.0,12,"[-362.05835    174.36089    -12.573103    35.79012     21.471848
   11.970226     8.397343     5.8011107    1.4768252    7.743404
   -0.9710788    3.1622448    1.2265058]",2,1920,Ocelot,Male,Adult,main call
0.15581068396568298,0.024158157408237457,3247.3333333333335,526.3333333333334,16,"[-3.5882330e+02  1.8343867e+02 -1.3367069e+01  3.3172581e+01
  2.2159801e+01  9.3170691e+00  3.6386468e+00  5.7030363e+00
  4.8375783e+00  6.2683067e+00  3.9325690e+00  7.9625750e+00
  2.8991875e-01]",3,2976,Ocelot,Male,Adult,main call
0.20329910516738892,0.03121214359998703,3599.3333333333335,690.3333333333334,18,"[-328.51266    188.3155     -21.135965    35.391647    19.96244
    8.632933    -2.2135034   -3.1098056    5.6424413    8.78807
   10.091778    10.912855     0.6133894]",3,3595,Ocelot,Male,Adult,main call
0.24020080268383026,0.03337635099887848,4142.666666666666,661.1666666666666,24,"[-308.89304    192.5819     -21.78151     28.203926     7.1108727
    2.7511456   -1.7659626   -3.5612006    5.040945     5.5567613
    4.4672484    6.7754784    3.3489544]",6,6957,Ocelot,Male,Adult,main call
0.17865172028541565,0.023955916985869408,3685.6666666666665,678.0,18,"[-339.85385    181.96022    -19.41166     33.84298     15.33154
    4.8301535    2.0075386    4.5729556    3.5761065    8.324773
    3.6715276    5.412777    -4.459938 ]",3,3773,Ocelot,Male,Adult,main call
0.154413640499115,0.02556644007563591,2610.5,649.5,14,"[-3.4038641e+02  2.0026599e+02 -1.4529380e+01  2.6632307e+01
  2.0096395e+01  7.2064896e+00 -1.4094194e+00  6.0595703e-01
  1.3278986e+00  4.8528438e+00 -1.0288359e-01  8.6805239e+00
 -1.0689121e+00]",2,2250,Ocelot,Male,Adult,main call
0.19566021859645844,0.030710846185684204,3971.8571428571427,715.4285714285714,26,"[-325.06012     188.11478     -19.09332      38.787678     21.732004
    8.671458      4.4837284    -1.6371417     2.7594023     3.0776446
    0.61314374    7.3479633     1.4313596 ]",7,8134,Ocelot,Male,Adult,main call
0.21217195689678192,0.03522604703903198,2653.5,539.0,12,"[-331.4158     201.27835     -0.9060118   42.74038     21.932823
    8.737992    -2.754136    -4.7704816   -1.4409969    2.1769652
   -2.3482304    2.7205758   -4.0999827]",2,1644,Ocelot,Male,Adult,main call
0.22026227414608002,0.041813019663095474,3708.5,730.0,18,"[-2.9889493e+02  2.0090662e+02 -2.1309250e+01  3.7623589e+01
  2.2158564e+01  1.6192806e+01 -2.1152618e+00 -4.4357624e+00
  2.9097135e+00  2.3521920e-01 -6.5920277e+00 -1.2914157e-01
  3.2612262e+00]",2,2251,Ocelot,Male,Adult,main call
0.22482754290103912,0.03941325843334198,3895.0,753.5,26,"[-309.3713      196.83664     -20.571814     40.228313     27.632341
   13.454051      1.8647586     0.9128909     1.0757778    -2.100399
   -2.8814206     8.337809      0.99381924]",4,4664,Ocelot,Male,Adult,main call
0.2929239571094513,0.04536699876189232,4661.666666666666,780.0,25,"[-294.7663     189.02998    -19.907537    48.846558    24.976847
   12.257043    -1.5783854    1.0697663    2.5932486    1.4927356
    0.6189762    5.3084397   -0.9471494]",3,3687,Ocelot,Male,Adult,main call
0.2318488508462906,0.04090781509876251,3956.0,766.5,17,"[-312.3635      185.9699      -14.939088     54.368855     28.697504
   16.735224     -1.4491208    -5.392438      3.8925343     0.630946
   -1.3472384     6.9731655    -0.90862817]",2,2278,Ocelot,Male,Adult,main call
0.22804491221904755,0.04062400385737419,3655.0,525.5,20,"[-3.3088300e+02  1.9024385e+02 -1.0884087e+00  5.3292835e+01
  2.8131414e+01  1.4758577e+01  3.4268858e+00  4.1715920e-01
  7.9952732e-02  2.6199937e+00 -2.0471835e+00  2.3762972e+00
 -1.8190392e+00]",2,1622,Ocelot,Male,Adult,main call
0.23987075686454773,0.0413157120347023,3882.5,475.5,18,"[-3.3041043e+02  1.8959050e+02 -1.2677146e+00  4.9806499e+01
  2.5129641e+01  1.5048257e+01  4.0432754e+00  2.4768250e+00
  8.7733757e-01 -1.8245632e-02 -4.6854510e+00  5.9359014e-01
 -2.8349257e+00]",2,1624,Ocelot,Male,Adult,main call
0.21051520109176636,0.03738688677549362,4812.75,622.0,29,"[-317.7781     184.72302    -21.327976    40.264072    18.593016
   10.794516    11.068173     7.728498     9.481789     0.5286025
   -4.4758563    4.774008     2.7808664]",4,3986,Ocelot,Male,Adult,main call
0.21785414218902588,0.031527239829301834,4031.0,556.0,18,"[-3.2064334e+02  1.8241867e+02 -1.9428364e+01  3.6933418e+01
  1.4331031e+01  1.1287362e+01  1.8675162e-01  1.2812850e+00
  6.7278647e+00  2.0073464e+00 -3.2056723e+00  8.1208286e+00
  6.4047923e+00]",2,1913,Ocelot,Male,Adult,main call
0.20267264544963837,0.031976886093616486,3832.333333333333,587.3333333333334,21,"[-319.22345     183.65993     -22.871632     35.19377      15.311378
   11.838792      5.44297      -0.42434227    5.089286      2.3101964
   -5.816854      0.8869676     5.184952  ]",3,3235,Ocelot,Male,Adult,main call
0.19100089371204376,0.02912776730954647,4120.875,431.875,19,"[-348.64716    187.56567     -1.3969989   38.631325    19.875364
   12.004502     4.509883     3.0867476    3.098461     4.2573004
   -0.5490028    4.3211417    1.1263334]",8,5932,Ocelot,Male,Adult,main call
0.20259487628936768,0.03144361823797226,3953.5,607.5,14,"[-319.9222     177.88521    -22.307278    38.719627    10.675962
   10.267565     5.31891      6.6775084    7.9877353    3.3509393
   -1.6496733    7.912885     3.042248 ]",2,2205,Ocelot,Male,Adult,main call
0.24113550782203674,0.0386451855301857,4584.0,593.0,27,"[-3.1398050e+02  1.8323570e+02 -2.0184998e+01  3.7770733e+01
  1.3899622e+01  9.9027719e+00  3.6971669e+00  5.8118505e+00
  1.1548884e+01  6.6106024e+00 -2.5055611e-01  4.4333129e+00
  1.3633770e+00]",3,3240,Ocelot,Male,Adult,main call
0.2475023716688156,0.043127018958330154,3722.5,652.0,15,"[-304.78723    191.21605    -29.245033    32.60232     19.099102
   19.221476     8.905136     2.5485275    9.050278     7.498622
   -1.5059874   10.062214     9.013831 ]",2,2020,Ocelot,Male,Adult,main call
0.3195951581001282,0.05015280470252037,4858.0,590.3333333333334,30,"[-289.35666    174.08566    -24.284798    34.05182      9.333076
    8.753399     7.1130943    9.40638      7.785615     2.9597943
    1.5186814    4.216448     4.7505207]",3,3175,Ocelot,Male,Adult,main call
0.1509973257780075,0.02161128632724285,2704.5,445.5,11,"[-356.88718    174.37141    -10.682708    38.285545    19.267515
   14.319313     6.281735     6.885293     3.1982436    6.944009
    1.7086585    7.6925373    2.6820438]",2,1622,Ocelot,Male,Adult,main call
0.3128500282764435,0.031141595914959908,3935.4999999999995,537.1666666666666,19,"[-3.29225494e+02  1.86268402e+02 -1.08586864e+01  3.74702873e+01
  1.57431345e+01  7.08743048e+00 -3.60454559e-01  1.35578907e+00
  4.83170319e+00  3.59801626e+00  3.18605274e-01  6.22516203e+00
  2.64606118e+00]",6,5554,Ocelot,Male,Adult,main call
0.24282348155975342,0.026971282437443733,3872.5,438.0,19,"[-3.4430667e+02  1.7234590e+02 -9.4297876e+00  2.9881426e+01
  1.2790476e+01  1.3582535e+01  4.2512450e+00  5.1714482e+00
  3.3296442e+00  2.8183181e+00  1.0463408e-01  3.0008130e+00
  2.2666895e+00]",2,1759,Ocelot,Male,Adult,main call
0.23282325267791748,0.030959369614720345,4284.666666666666,625.6666666666666,21,"[-328.2912     169.95718    -21.768738    30.444584    13.800314
   13.755647     5.534793     3.7801118    4.5978355    2.165599
   -1.3324215    2.858586     3.474306 ]",3,3667,Ocelot,Male,Adult,main call
0.20072416961193085,0.033418528735637665,4796.0,705.5,12,"[-299.2977     177.4261     -31.798082    30.944538     5.2381573
    7.1815395    0.531411     0.9543295    3.1589892   -0.8154637
   -4.1045995    4.9957123    6.732964 ]",2,2475,Ocelot,Male,Adult,main call
0.2211155742406845,0.04572371765971184,4839.333333333333,751.6666666666666,18,"[-280.5829     176.06061    -42.758453    26.54944     -2.7533226
   -2.9841628    2.205602     5.3615994   16.13575      3.987576
   -6.7252793   -3.0500119    5.2071247]",3,4102,Ocelot,Male,Adult,main call
0.28317251801490784,0.04284000024199486,2636.0,285.4,11,"[-339.11597    203.01932     18.20971     41.65516     20.05118
    3.5771282   -4.6313157    3.003417    -2.2575765   -3.1560822
   -7.8950906   -6.933075    -9.404932 ]",5,2769,Ocelot,Male,Adult,main call
0.3282623887062073,0.0517253540456295,2841.8,320.6,12,"[-315.47406     208.013        10.967541     39.748306     18.237822
    0.75390065   -6.3573937    -1.3002101    -3.912984     -5.31747
   -8.37775      -6.220716     -7.6757135 ]",5,2986,Ocelot,Male,Adult,growl
0.3875206410884857,0.06265919655561447,2907.4,326.4,14,"[-307.675      212.60359     16.852966    36.106327    16.753305
    2.3693829   -3.3973892    1.5293002   -3.9698706   -7.401018
   -8.126628    -7.1962833   -9.168956 ]",5,2849,Ocelot,Male,Adult,growl
0.36420029401779175,0.06012055277824402,2833.0000000000005,304.4,21,"[-314.45706    209.55965     14.320381    36.26055     19.832054
    2.1910818   -4.527508     3.789017    -3.7508662   -5.2273564
   -6.271066    -7.0965304   -8.604474 ]",5,2684,Ocelot,Male,Adult,growl
0.3681830167770386,0.06401199847459793,3083.4000000000005,344.8,17,"[-304.7725     205.87363     17.312363    38.1467      18.915712
    2.399735    -2.915415     4.8941326   -1.0830752   -5.849944
   -5.9876738   -6.525228    -8.414432 ]",5,2927,Ocelot,Male,Adult,growl
0.38031676411628723,0.061532482504844666,2808.25,303.25,11,"[-308.02017    208.38548     14.572856    40.641476    16.153137
    2.0910032   -3.789052     5.9493146   -2.174554    -4.333739
   -7.9248104   -6.305023    -9.739262 ]",4,2254,Ocelot,Male,Adult,growl
0.38928118348121643,0.0693206787109375,3447.6666666666665,364.3333333333333,25,"[-291.5567     205.4382       7.9245286   32.691357    15.031137
    3.6167543   -2.8384333    4.459812    -4.4276104   -5.925112
   -6.9654403   -7.517744    -7.967449 ]",6,3993,Ocelot,Male,Adult,growl
0.3855102062225342,0.07471997290849686,3194.0,330.2,19,"[-2.91790161e+02  2.06951050e+02  1.29723310e+01  3.18358784e+01
  1.47487135e+01 -1.72966328e-02 -1.04562199e+00  2.99336553e+00
 -2.17726707e+00 -7.30819750e+00 -6.79581404e+00 -6.98562956e+00
 -6.99957991e+00]",5,3040,Ocelot,Male,Adult,growl
0.385280579328537,0.07417082786560059,3656.6000000000004,378.6,22,"[-288.55914    201.95895      7.5344853   36.38737     13.401458
    2.6726427   -2.3897645    3.9879541   -3.2743902   -4.591496
   -6.4943676   -5.6345763   -7.9639826]",5,3358,Ocelot,Male,Adult,growl
0.36535346508026123,0.07714062929153442,2944.75,341.75,17,"[-2.9263043e+02  2.1555507e+02  1.3319986e+01  3.4180866e+01
  1.6332310e+01  1.4444649e-01 -3.0767527e+00  3.9657459e+00
 -3.9890871e+00 -1.0576076e+01 -9.3213491e+00 -5.9469585e+00
 -8.0487986e+00]",4,2563,Ocelot,Male,Adult,growl
0.3664972186088562,0.06458829343318939,2929.0,324.75,15,"[-301.18433    210.00894     12.91628     35.6703      17.559042
    1.9820068   -7.211588     6.284321    -2.0889964   -7.915596
   -8.587439    -5.759814    -7.686023 ]",4,2398,Ocelot,Male,Adult,growl
0.37586596608161926,0.06803315132856369,3225.5,390.5,15,"[-291.3459     209.94127      9.651818    33.95129     16.814445
    1.0375971   -6.5226626    2.6275163   -2.6134777   -6.2502356
   -8.534253    -6.5012784   -7.3074846]",4,2642,Ocelot,Male,Adult,growl
0.3590198755264282,0.06170234829187393,2925.2000000000003,333.6,20,"[-308.16995    205.49799     12.097832    32.172462    14.022612
    1.4164503   -2.2313643    1.1828805   -3.1683366   -6.9856834
   -8.222178    -7.2212615   -4.681524 ]",5,3072,Ocelot,Male,Adult,growl
0.3634186089038849,0.055049099028110504,2876.4,310.0,11,"[-313.1655      202.50238      11.9530525    37.78622      19.513704
    0.52808833   -5.6727796     3.141643     -1.509612     -5.1990266
   -6.2779503    -4.631164     -6.029449  ]",5,2885,Ocelot,Male,Adult,growl
0.33771806955337524,0.06293543428182602,2831.6666666666665,338.0,9,"[-300.5984     213.41841     13.22881     41.592907    16.635044
   -2.056357    -9.772904    -1.0175323   -2.7041152   -5.6517944
  -11.678563    -5.289399    -9.266512 ]",3,1787,Ocelot,Male,Adult,growl
0.37094807624816895,0.06994882971048355,2752.25,323.25,14,"[-302.6707     215.61703     17.691172    34.36233     17.858099
    0.9517672   -4.896648     1.849619    -3.355876    -7.0342984
   -7.9115634   -6.235168    -7.6637144]",4,2293,Ocelot,Male,Adult,growl
0.39483755826950073,0.0624571293592453,2823.0,303.25,12,"[-307.78726     215.92188      13.475204     36.719654     20.645874
    1.791748     -3.49517       3.0129924    -0.40100813   -3.6105149
   -6.615722     -3.9415078    -6.017496  ]",4,1962,Ocelot,Male,Adult,growl
0.3136216998100281,0.04202965274453163,2895.5,340.75,12,"[-323.77832    195.79251     11.622062    39.276787    13.854322
    4.943553    -2.6637616    4.7407885   -1.0686682   -0.952278
   -4.848508    -1.3356746   -4.3884273]",4,2480,Ocelot,Male,Adult,growl
0.2984929382801056,0.058879267424345016,2642.0,307.75,9,"[-3.2093771e+02  2.0861290e+02  2.2017319e+01  3.6096210e+01
  1.7403112e+01  9.5469093e-01 -2.2551689e+00 -2.9833984e-01
 -2.3807235e+00 -5.2906222e+00 -6.5932603e+00 -7.0684638e+00
 -8.0865307e+00]",4,2308,Ocelot,Male,Adult,growl
0.288910835981369,0.0490737147629261,2784.75,318.25,17,"[-3.2673080e+02  2.0802489e+02  2.0433342e+01  3.7978748e+01
  1.5787640e+01  9.8816979e-01 -8.1569262e+00 -2.2073048e-01
 -2.3727214e+00 -2.0690880e+00 -6.7968354e+00 -7.5201435e+00
 -8.5887165e+00]",4,2306,Ocelot,Male,Adult,growl
0.2614356577396393,0.03858044743537903,2971.5,342.75,13,"[-333.43344    191.14896     18.201294    45.827457    12.70797
    4.9814396   -3.5345538    2.8527303   -1.1249177   -0.7207565
   -6.1541715   -3.6940632   -5.294364 ]",4,2549,Ocelot,Male,Adult,growl
0.3316683769226074,0.04371146857738495,3274.5,335.25,15,"[-289.8748     174.95337     29.125988    20.213467     9.512084
   -1.9750546    9.372188    -0.7069613    1.3876609    1.8812877
    2.3276541    6.946368     1.549126 ]",4,2318,Ocelot,Male,Adult,growl
0.3704668879508972,0.06310448795557022,3602.8,258.0,18,"[-2.8339923e+02  1.6190213e+02  4.5771946e+01  2.8648848e+01
  1.6343010e+01  2.3673105e+00  1.2791588e+01  1.9828137e+00
  5.2110858e+00  1.2204686e+00  2.2384188e-01  3.0450332e+00
 -1.1680262e+00]",5,2123,Ocelot,Male,Adult,growl
0.44027259945869446,0.04948684945702553,3366.333333333333,321.3333333333333,8,"[-2.9172940e+02  1.4015874e+02  2.6482414e+01  2.4580969e+01
  2.2139858e+01  5.1303186e+00  1.7330753e+01  7.8737164e+00
  1.2089639e+01  7.2021976e+00  3.7252965e+00  3.6961231e+00
  2.0110098e-01]",3,1782,Ocelot,Male,Adult,growl
0.38542354106903076,0.06998367607593536,4241.333333333333,300.0,14,"[-276.83887    159.49352     34.340977    25.896704    12.553369
    7.140255    15.566497     8.318081     7.3754325   10.218469
    7.5013       7.033867    -3.9894264]",3,1335,Ocelot,Male,Adult,growl
0.31895339488983154,0.045176807790994644,3573.75,367.5,20,"[-285.37045    155.56348     22.917423    19.923641    12.692827
    4.0118604   12.735758     3.7371037    7.32147      6.0715437
    3.7802792    2.1109176   -2.5092852]",4,2840,Ocelot,Male,Adult,growl
0.39330747723579407,0.06411951780319214,4295.25,418.25,39,"[-2.6887100e+02  1.8614815e+02  2.7230492e+01  2.1393618e+01
  9.7201080e+00 -3.5556576e+00  4.5055332e+00 -4.8638220e+00
 -2.1728046e+00 -1.3757661e-01  3.8985568e-01 -1.1946000e-01
 -6.8675680e+00]",8,5776,Ocelot,Male,Adult,call/growl
0.15180495381355286,0.014568631537258625,1499.6666666666665,243.33333333333334,5,"[-378.83936    136.55869     31.496271    27.062557    13.544159
    3.4074247    8.661834     2.3331966    7.2577486    5.074089
    4.063476     4.6108756   -1.0927625]",3,2232,Ocelot,Male,Adult,growl
0.32601216435432434,0.05773733928799629,4270.0,304.0,14,"[-268.24374    157.99393     40.20601     29.274626    11.87311
    1.9454402    7.7978525    3.4352825    6.7030506    6.083462
    1.6303078    2.7595515   -9.203101 ]",5,2467,Ocelot,Male,Adult,growl
0.32000601291656494,0.059715889394283295,3835.5,460.5,14,"[-251.76596     173.24211      26.656147     23.380026      8.895499
   -1.5173503     6.594259      0.65301794    0.87055564    3.0702033
   -0.58082664   -1.05287      -7.7593694 ]",2,1471,Ocelot,Male,Adult,call/growl
0.3008252680301666,0.042080990970134735,1413.25,228.5,9,"[-3.4453085e+02  1.7092307e+02  5.6773476e+01  3.7615475e+01
  1.9589367e+01 -4.7581577e+00  3.5661900e+00 -2.9152305e+00
  3.2745206e+00 -1.3673612e+00  2.4638610e-01 -2.3225372e-01
 -8.7783794e+00]",4,1817,Ocelot,Male,Adult,call/growl
0.3064829409122467,0.049860306084156036,4895.6,562.2,38,"[-2.5698041e+02  1.7399306e+02  9.0917768e+00  1.7628340e+01
  2.5905230e+00 -6.2466421e+00 -1.6506426e+00 -8.7331705e+00
 -6.0783245e-02  6.4493451e+00 -3.9781901e-01 -1.7415727e+00
 -5.7910981e+00]",5,5443,Ocelot,Male,Adult,growl
0.3156353831291199,0.050726406276226044,4171.6,385.0,15,"[-2.8828568e+02  1.7749542e+02  4.3914936e+01  3.2556133e+01
  8.1814842e+00 -7.3199129e+00 -1.6431215e-01 -2.8820713e+00
 -2.8658187e+00 -4.9740558e+00 -2.3198581e+00  7.8917086e-01
 -9.8235168e+00]",5,3439,Ocelot,Male,Adult,call/growl
0.35097506642341614,0.059823885560035706,4146.75,415.5,31,"[-276.1507     182.7908      27.132748    25.296104     7.186769
   -5.6019254    4.2979445   -3.70367      1.903981     4.670694
    4.850965     3.1274412   -5.855019 ]",4,2875,Ocelot,Male,Adult,call
0.272865891456604,0.048029299825429916,2960.375,318.125,20,"[-3.2076050e+02  1.8119212e+02  5.5684521e+01  4.0652954e+01
  1.0654096e+01 -1.0139743e+01 -4.6464760e-02  2.1492138e+00
 -4.6352562e-01 -3.2561085e+00 -2.4258926e+00  6.1859703e-01
 -1.3102615e+01]",8,4558,Ocelot,Male,Adult,growl
0.2728661000728607,0.04278290644288063,4388.333333333333,722.0,24,"[-267.69946    178.379       -7.9411893   14.494082     3.1416857
   -1.8160193    3.0039058   -2.8140755    7.033602     2.8399513
    0.822981     4.9386935   -2.68039  ]",3,3874,Ocelot,Male,Adult,growl
0.43751901388168335,0.08415158092975616,2699.0,188.0,5,"[-3.3139725e+02  1.6524992e+02  3.6540165e+01  4.0667084e+01
  2.6403477e+01  1.5222201e+00  1.0600609e+01  9.6372128e-01
  1.0212901e+00 -5.4540273e-02  4.3781061e+00  5.4999886e+00
 -1.4864202e+00]",2,729,Ocelot,Male,Adult,growl
0.34247204661369324,0.06495121866464615,2390.333333333333,177.33333333333334,7,"[-358.24908    177.11436     41.778343    35.55329     25.582245
    2.3823824   10.041838     4.745125     9.496779     1.9791182
    3.4498575    5.0282636    4.931253 ]",3,1042,Ocelot,Male,Adult,growl
0.25248417258262634,0.0491735003888607,3338.0,203.28571428571428,16,"[-315.9676     171.003       33.45543     39.603573    16.245102
   -1.4746681   10.810793     3.2752278    6.1992197    1.8287915
    2.877768     0.9795504   -7.959662 ]",7,2604,Ocelot,Male,Adult,growl
0.3409927487373352,0.06264042854309082,2897.5,238.5,8,"[-2.7962097e+02  1.7285939e+02  3.7485435e+01  3.0424931e+01
  1.4036940e+01 -1.8398163e+00  1.0272223e+01  5.0761542e+00
  5.8153930e+00 -1.1241222e-02  5.0217116e-01  1.4608974e+00
 -8.2361460e+00]",2,772,Ocelot,Male,Adult,growl
